date,open,high,low,close,volume,vwap,trades
2015-01-02 05:00:00,14.96,15.39,14.89,15.11,8759912.0,15.1227,18972
2015-01-05 05:00:00,15.34,15.57,15.23,15.5,9535913.0,15.4619,20577
2015-01-06 05:00:00,15.59,16.01,15.54,15.83,9969920.0,15.8004,23197
2015-01-07 05:00:00,15.7,15.95,15.68,15.85,8129281.0,15.859,14261
2015-01-08 05:00:00,15.84,15.95,15.61,15.64,5063784.0,15.7421,12087
2015-01-09 05:00:00,15.71,15.92,15.68,15.77,4402051.0,15.77,10905
2015-01-12 05:00:00,15.82,15.94,15.76,15.87,5517199.0,15.8628,9936
2015-01-13 05:00:00,16.36,16.47,16.18,16.29,15538546.0,16.3362,25825
2015-01-14 05:00:00,16.23,16.3574,16.12,16.13,7356644.0,16.2189,17207
2015-01-15 05:00:00,16.33,16.478,16.11,16.15,10896821.0,16.3306,24560
2015-01-16 05:00:00,16.42,17.09,16.4,16.95,22232410.0,16.8084,39922
2015-01-20 05:00:00,17.06,17.26,17.01,17.18,10879730.0,17.1385,22234
2015-01-21 05:00:00,17.65,17.6922,17.24,17.37,13769376.0,17.4135,28270
2015-01-22 05:00:00,17.58,17.69,17.4,17.61,8313104.0,17.5657,20739
2015-01-23 05:00:00,17.48,17.565,17.33,17.51,6373861.0,17.4706,15456
2015-01-26 05:00:00,17.36,17.38,17.11,17.13,8168797.0,17.192,17232
2015-01-27 05:00:00,17.19,17.43,17.18,17.33,5612161.0,17.3089,13999
2015-01-28 05:00:00,17.23,17.39,17.18,17.23,5283501.0,17.2667,13328
2015-01-29 05:00:00,16.73,16.74,16.03,16.24,17828058.0,16.3246,38971
2015-01-30 05:00:00,16.17,16.595,16.105,16.54,8490990.0,16.4188,22230
2015-02-02 05:00:00,16.4,16.61,16.35,16.47,5851962.0,16.4844,15931
2015-02-03 05:00:00,16.58,16.75,16.35,16.55,7277160.0,16.5407,16063
2015-02-04 05:00:00,16.68,16.92,16.62,16.63,6890018.0,16.7126,15418
2015-02-05 05:00:00,16.39,16.6,16.27,16.58,6264380.0,16.4403,13248
2015-02-06 05:00:00,16.18,16.245,15.85,16.03,12120085.0,16.0276,23788
2015-02-09 05:00:00,16.23,16.4,16.22,16.32,3944088.0,16.3221,8291
2015-02-10 05:00:00,16.22,16.375,16.13,16.19,5525858.0,16.22,9377
2015-02-11 05:00:00,16.22,16.23,16.02,16.08,4646053.0,16.1048,10095
2015-02-12 05:00:00,16.15,16.22,16.03,16.15,4937101.0,16.1267,8489
2015-02-13 05:00:00,16.52,16.705,16.4801,16.54,7132119.0,16.5964,15843
2015-02-17 05:00:00,15.75,15.84,15.61,15.83,15675162.0,15.7376,25422
2015-02-18 05:00:00,15.74,15.9,15.57,15.75,10134400.0,15.7215,18321
2015-02-19 05:00:00,15.8,15.86,15.65,15.7,7418314.0,15.7511,13115
2015-02-20 05:00:00,15.73,15.79,15.5,15.54,7582840.0,15.6147,15537
2015-02-23 05:00:00,15.71,15.9001,15.564,15.63,6310488.0,15.7235,12766
2015-02-24 05:00:00,15.57,15.786,15.4,15.56,8074716.0,15.5702,16460
2015-02-25 05:00:00,15.83,15.86,15.7401,15.83,5359389.0,15.8156,10088
2015-02-26 05:00:00,16.01,16.03,15.81,15.84,3976022.0,15.9119,8075
2015-02-27 05:00:00,15.94,15.9643,15.84,15.87,4137606.0,15.8907,9304
2015-03-02 05:00:00,15.86,15.895,15.65,15.66,6431066.0,15.7552,12450
2015-03-03 05:00:00,15.75,15.8532,15.49,15.5799,6843940.0,15.6021,11803
2015-03-04 05:00:00,15.59,15.62,15.39,15.49,6200728.0,15.4969,10177
2015-03-05 05:00:00,15.55,15.662,15.46,15.53,4671878.0,15.5397,8974
2015-03-06 05:00:00,15.21,15.26,15.1,15.19,9729786.0,15.1828,17490
2015-03-09 04:00:00,15.16,15.2,15.1,15.1,4081142.0,15.1347,8416
2015-03-10 04:00:00,15.1,15.17,14.98,15.02,5890842.0,15.0454,11884
2015-03-11 04:00:00,14.96,14.96,14.63,14.84,10644824.0,14.7712,18313
2015-03-12 04:00:00,14.96,14.98,14.82,14.92,3716554.0,14.8965,8915
2015-03-13 04:00:00,14.92,14.95,14.82,14.9,3739343.0,14.8865,8332
2015-03-16 04:00:00,15.04,15.04,14.8401,14.9899,4686560.0,14.9565,8903
2015-03-17 04:00:00,14.76,15.0699,14.75,14.9,5200401.0,14.9259,9752
2015-03-18 04:00:00,14.86,15.38,14.81,15.36,10475099.0,15.1643,23040
2015-03-19 04:00:00,15.25,15.5,15.22,15.44,6068720.0,15.3966,12885
2015-03-20 04:00:00,15.61,16.17,15.585,16.0,14795334.0,15.9703,27271
2015-03-23 04:00:00,16.12,16.36,16.08,16.3,10523989.0,16.211,20691
2015-03-24 04:00:00,16.22,16.28,16.08,16.28,5265755.0,16.213,15275
2015-03-25 04:00:00,16.36,16.39,16.21,16.24,3933685.0,16.2855,9743
2015-03-26 04:00:00,16.35,16.41,16.26,16.3,5380219.0,16.3389,11827
2015-03-27 04:00:00,16.35,16.36,16.13,16.22,5036611.0,16.2619,12470
2015-03-30 04:00:00,16.06,16.07,15.91,15.98,6812509.0,15.9864,15415
2015-03-31 04:00:00,15.94,16.11,15.85,15.93,5294285.0,15.9543,12385
2015-04-01 04:00:00,16.0,16.35,16.0,16.23,6478085.0,16.1795,15154
2015-04-02 04:00:00,16.05,16.13,15.875,16.02,5718511.0,15.9892,13939
2015-04-06 04:00:00,16.45,16.57,16.24,16.27,5948534.0,16.4032,13819
2015-04-07 04:00:00,16.14,16.17,16.06,16.15,3090127.0,16.1242,8082
2015-04-08 04:00:00,16.08,16.095,15.68,15.81,6865736.0,15.829,15018
2015-04-09 04:00:00,15.5,15.58,15.44,15.51,8648822.0,15.5208,17698
2015-04-10 04:00:00,15.88,15.95,15.6803,15.77,6341733.0,15.8044,11652
2015-04-13 04:00:00,15.63,15.66,15.58,15.6,3809682.0,15.6179,7425
2015-04-14 04:00:00,15.53,15.66,15.49,15.51,4084405.0,15.5371,7878
2015-04-15 04:00:00,15.52,15.7,15.47,15.63,3591191.0,15.5828,8873
2015-04-16 04:00:00,15.69,15.73,15.44,15.57,5128990.0,15.5925,11262
2015-04-17 04:00:00,15.61,15.65,15.52,15.56,3606794.0,15.5796,7835
2015-04-20 04:00:00,15.36,15.36,15.18,15.29,6082326.0,15.2645,12915
2015-04-21 04:00:00,15.28,15.4,15.235,15.32,3319479.0,15.3015,7115
2015-04-22 04:00:00,15.25,15.279,15.02,15.11,6213151.0,15.1201,12254
2015-04-23 04:00:00,15.11,15.25,15.07,15.21,4905112.0,15.1706,9446
2015-04-24 04:00:00,15.12,15.1499,14.925,15.06,6116450.0,15.0253,12616
2015-04-27 04:00:00,15.31,15.76,15.28,15.66,11179249.0,15.5954,21994
2015-04-28 04:00:00,15.715,15.96,15.71,15.87,7710747.0,15.8719,16738
2015-04-29 04:00:00,15.94,15.99,15.78,15.81,6737957.0,15.908,13909
2015-04-30 04:00:00,15.29,15.49,15.125,15.43,11330249.0,15.2895,22585
2015-05-01 04:00:00,15.35,15.49,15.25,15.47,4877236.0,15.3631,11253
2015-05-04 04:00:00,15.92,15.95,15.67,15.7,6919812.0,15.8332,14892
2015-05-05 04:00:00,15.94,15.96,15.79,15.81,4543676.0,15.8594,9095
2015-05-06 04:00:00,15.9,15.9257,15.72,15.77,5217870.0,15.8217,11114
2015-05-07 04:00:00,15.74,15.76,15.58,15.6,3675423.0,15.6217,6546
2015-05-08 04:00:00,15.77,15.78,15.63,15.76,4352197.0,15.7291,7736
2015-05-11 04:00:00,15.76,15.84,15.5,15.57,4685310.0,15.6215,8364
2015-05-12 04:00:00,15.64,15.88,15.64,15.81,5070862.0,15.7759,10644
2015-05-13 04:00:00,16.31,16.47,16.25,16.35,17716361.0,16.2695,26050
2015-05-14 04:00:00,16.7,16.8,16.6,16.65,9165011.0,16.6773,19394
2015-05-15 04:00:00,16.7,16.81,16.66,16.75,5022421.0,16.7538,11681
2015-05-18 04:00:00,16.91,16.96,16.8,16.89,4940517.0,16.8987,10789
2015-05-19 04:00:00,16.65,16.67,16.14,16.38,9879424.0,16.3735,21386
2015-05-20 04:00:00,16.44,16.53,16.3258,16.37,4375152.0,16.4295,10751
2015-05-21 04:00:00,16.35,16.45,16.34,16.39,2663461.0,16.3957,6731
2015-05-22 04:00:00,16.33,16.45,16.28,16.34,3683346.0,16.3394,10289
2015-05-26 04:00:00,16.01,16.155,15.98,16.02,6757432.0,16.051,13313
2015-05-27 04:00:00,15.96,16.02,15.9,15.96,3721841.0,15.9536,8019
2015-05-28 04:00:00,15.96,15.995,15.82,15.97,4236815.0,15.9304,9255
2015-05-29 04:00:00,16.02,16.08,15.96,15.99,3200853.0,16.01,6737
2015-06-01 04:00:00,16.24,16.42,15.95,16.0,9324402.0,16.1638,20107
2015-06-02 04:00:00,16.01,16.11,15.98,16.07,4705263.0,16.0515,13048
2015-06-03 04:00:00,15.88,15.9299,15.7,15.83,6778120.0,15.8254,15067
2015-06-04 04:00:00,15.57,15.62,15.43,15.48,11927451.0,15.5812,16861
2015-06-05 04:00:00,15.3,15.48,15.29,15.39,6930892.0,15.3667,13989
2015-06-08 04:00:00,15.35,15.37,15.23,15.32,6149255.0,15.3048,13108
2015-06-09 04:00:00,15.36,15.389,15.27,15.29,4774914.0,15.3156,10087
2015-06-10 04:00:00,15.46,15.46,15.28,15.32,4901874.0,15.3526,13058
2015-06-11 04:00:00,15.29,15.36,15.17,15.33,3781459.0,15.2757,8039
2015-06-12 04:00:00,15.21,15.3,15.17,15.25,4867021.0,15.2196,9257
2015-06-15 04:00:00,15.29,15.56,15.29,15.4,7010322.0,15.4151,13000
2015-06-16 04:00:00,15.26,15.34,15.2,15.32,3859822.0,15.2679,7745
2015-06-17 04:00:00,15.34,15.56,15.26,15.45,7996448.0,15.4124,13863
2015-06-18 04:00:00,15.69,15.7,15.42,15.46,7599204.0,15.5562,14271
2015-06-19 04:00:00,15.46,15.49,15.2,15.42,6101229.0,15.3924,10795
2015-06-22 04:00:00,15.35,15.55,15.3301,15.49,5014098.0,15.449,9990
2015-06-23 04:00:00,15.15,15.22,15.07,15.14,9716877.0,15.1308,17162
2015-06-24 04:00:00,15.18,15.23,15.13,15.19,3689409.0,15.1886,6746
2015-06-25 04:00:00,15.11,15.2,15.09,15.17,4995700.0,15.1532,8841
2015-06-26 04:00:00,15.05,15.13,15.01,15.11,4754165.0,15.0792,8681
2015-06-29 04:00:00,15.11,15.14,15.0,15.03,6983304.0,15.0436,17626
2015-06-30 04:00:00,14.93,15.18,14.8,15.03,10391558.0,14.9488,18475
2015-07-01 04:00:00,14.91,14.99,14.86,14.9,5470540.0,14.9116,10713
2015-07-02 04:00:00,14.99,15.03,14.893,14.95,4405526.0,14.948,9807
2015-07-06 04:00:00,14.89,15.15,14.87,14.99,4410526.0,15.0123,8974
2015-07-07 04:00:00,14.56,14.5794,14.03,14.43,24143952.0,14.3444,40768
2015-07-08 04:00:00,14.5,14.59,14.41,14.46,8964253.0,14.4899,16381
2015-07-09 04:00:00,14.84,14.86,14.66,14.76,7441724.0,14.7529,14381
2015-07-10 04:00:00,14.78,14.97,14.741,14.88,7254144.0,14.8363,13301
2015-07-13 04:00:00,14.69,14.85,14.65,14.81,4459300.0,14.7611,9945
2015-07-14 04:00:00,14.77,14.78,14.63,14.69,4729894.0,14.7082,8469
2015-07-15 04:00:00,14.39,14.47,14.36,14.43,7204096.0,14.4133,14606
2015-07-16 04:00:00,14.35,14.5,14.32,14.35,6071573.0,14.3777,9810
2015-07-17 04:00:00,14.27,14.29,14.19,14.23,5776004.0,14.235,11725
2015-07-20 04:00:00,14.16,14.345,14.03,14.05,9666709.0,14.1516,19374
2015-07-21 04:00:00,14.16,14.3,14.1,14.14,5768169.0,14.186,11859
2015-07-22 04:00:00,14.04,14.24,14.0,14.14,4754115.0,14.1182,10869
2015-07-23 04:00:00,14.13,14.15,13.93,14.0,5446903.0,14.0462,12374
2015-07-24 04:00:00,13.79,14.08,13.73,14.02,8949372.0,13.9013,18960
2015-07-27 04:00:00,14.0,14.09,13.9,13.92,4176846.0,13.9861,9927
2015-07-28 04:00:00,14.01,14.065,13.99,14.02,5756465.0,14.0196,8442
2015-07-29 04:00:00,14.05,14.25,14.0,14.15,7051503.0,14.1444,13166
2015-07-30 04:00:00,14.07,14.175,14.04,14.09,3737833.0,14.1042,8210
2015-07-31 04:00:00,14.27,14.34,14.04,14.08,6035355.0,14.1522,12699
2015-08-03 04:00:00,14.05,14.07,13.78,13.87,6657932.0,13.9016,12011
2015-08-04 04:00:00,13.93,13.99,13.86,13.92,3004188.0,13.9396,7361
2015-08-05 04:00:00,13.95,14.0545,13.88,13.95,3859632.0,13.9528,9265
2015-08-06 04:00:00,13.94,14.115,13.94,13.99,3514821.0,14.0281,8797
2015-08-07 04:00:00,14.13,14.35,14.1,14.11,5262245.0,14.232,11573
2015-08-10 04:00:00,14.25,14.72,14.23,14.54,9813380.0,14.5282,19847
2015-08-11 04:00:00,14.61,14.65,14.5,14.64,5110030.0,14.5991,10673
2015-08-12 04:00:00,14.73,14.9,14.73,14.82,7834171.0,14.8334,14965
2015-08-13 04:00:00,14.71,14.795,14.645,14.71,4182479.0,14.724,7975
2015-08-14 04:00:00,14.8,14.9163,14.49,14.55,4819083.0,14.6481,9747
2015-08-17 04:00:00,14.69,14.71,14.59,14.63,2270876.0,14.6415,5455
2015-08-18 04:00:00,14.16,14.25,14.06,14.22,7681091.0,14.1647,13320
2015-08-19 04:00:00,14.4,14.656,14.4,14.57,5612691.0,14.5533,11497
2015-08-20 04:00:00,14.85,14.89,14.77,14.78,5576118.0,14.8209,10824
2015-08-21 04:00:00,14.7,14.73,14.45,14.61,6548486.0,14.5964,12886
2015-08-24 04:00:00,14.06,14.46,14.02,14.13,11824688.0,14.2022,25569
2015-08-25 04:00:00,14.13,14.145,13.91,13.99,6678820.0,14.0075,13193
2015-08-26 04:00:00,13.57,13.58,13.35,13.56,12373797.0,13.4965,21847
2015-08-27 04:00:00,13.57,13.955,13.52,13.8,7999645.0,13.7461,16223
2015-08-28 04:00:00,13.83,14.03,13.8,13.92,4936597.0,13.9016,10449
2015-08-31 04:00:00,13.84,14.03,13.76,13.99,4112633.0,13.9163,9304
2015-09-01 04:00:00,13.99,14.03,13.86,13.94,4031115.0,13.9514,9326
2015-09-02 04:00:00,14.05,14.17,13.79,14.02,5546621.0,13.9919,11265
2015-09-03 04:00:00,13.99,14.285,13.9499,14.02,5346937.0,14.0758,12841
2015-09-04 04:00:00,13.89,13.96,13.86,13.92,3771868.0,13.9121,10081
2015-09-08 04:00:00,14.07,14.22,13.94,14.12,5128180.0,14.1033,10709
2015-09-09 04:00:00,14.0,14.08,13.92,13.93,3114387.0,13.973,7272
2015-09-10 04:00:00,14.15,14.16,13.97,13.99,3269475.0,14.0387,7137
2015-09-11 04:00:00,13.78,13.98,13.64,13.95,4777690.0,13.7836,9671
2015-09-14 04:00:00,13.77,13.81,13.7,13.79,3020857.0,13.7593,6395
2015-09-15 04:00:00,13.68,13.78,13.67,13.77,2419564.0,13.7192,4675
2015-09-16 04:00:00,14.05,14.29,14.04,14.22,7054862.0,14.1915,15042
2015-09-17 04:00:00,14.22,14.58,14.21,14.42,8662080.0,14.3774,15802
2015-09-18 04:00:00,14.6,14.62,14.41,14.47,4859538.0,14.5052,11346
2015-09-21 04:00:00,14.49,14.56,14.47,14.49,3384945.0,14.5149,7618
2015-09-22 04:00:00,14.16,14.16,14.07,14.14,4496319.0,14.1251,9631
2015-09-23 04:00:00,14.24,14.26,14.1,14.12,2497981.0,14.1687,5888
2015-09-24 04:00:00,14.23,14.505,14.2101,14.43,7257669.0,14.4164,14513
2015-09-25 04:00:00,14.44,14.51,14.35,14.4,3181243.0,14.4211,7386
2015-09-28 04:00:00,13.95,13.99,13.845,13.94,5997546.0,13.9296,12278
2015-09-29 04:00:00,13.9,14.06,13.9,13.97,3000745.0,13.9882,7460
2015-09-30 04:00:00,13.87,14.09,13.81,13.87,5062900.0,13.8987,11544
2015-10-01 04:00:00,13.98,14.04,13.83,13.9,4069093.0,13.9319,9700
2015-10-02 04:00:00,14.21,14.61,14.2,14.55,12462900.0,14.4682,20383
2015-10-05 04:00:00,14.92,15.0,14.765,14.89,10014990.0,14.9074,19781
2015-10-06 04:00:00,15.145,15.35,15.06,15.07,11190894.0,15.2208,20681
2015-10-07 04:00:00,15.19,15.375,15.14,15.29,6781144.0,15.2661,13934
2015-10-08 04:00:00,14.9,15.13,14.89,14.99,8935256.0,14.9953,17166
2015-10-09 04:00:00,15.11,15.16,15.0,15.12,4467110.0,15.109,8936
2015-10-12 04:00:00,15.31,15.33,15.08,15.13,4292959.0,15.1732,9961
2015-10-13 04:00:00,15.16,15.26,15.15,15.16,3445522.0,15.1988,8206
2015-10-14 04:00:00,15.33,15.45,15.3,15.42,7028894.0,15.3889,14925
2015-10-15 04:00:00,15.35,15.45,15.31,15.39,4885731.0,15.3993,10109
2015-10-16 04:00:00,15.37,15.42,15.27,15.28,4208065.0,15.3418,8680
2015-10-19 04:00:00,15.22,15.239,15.02,15.11,4041372.0,15.1091,8909
2015-10-20 04:00:00,15.13,15.23,15.0232,15.19,5286977.0,15.1521,10002
2015-10-21 04:00:00,15.02,15.026,14.91,14.99,5065079.0,14.9727,9908
2015-10-22 04:00:00,15.06,15.19,15.04,15.11,3391832.0,15.1154,6380
2015-10-23 04:00:00,15.12,15.16,14.99,15.12,4063739.0,15.0984,8699
2015-10-26 04:00:00,15.2,15.23,15.11,15.11,3310727.0,15.1651,9104
2015-10-27 04:00:00,15.11,15.21,15.071,15.13,2331513.0,15.1576,5921
2015-10-28 04:00:00,15.37,15.6,15.0,15.26,11487503.0,15.3696,22940
2015-10-29 04:00:00,14.99,15.06,14.82,14.88,7049444.0,14.9181,12657
2015-10-30 04:00:00,14.87,14.88,14.773,14.8,3349709.0,14.8304,7129
2015-11-02 05:00:00,14.66,14.7497,14.56,14.72,4229989.0,14.6585,8475
2015-11-03 05:00:00,14.61,14.64,14.515,14.58,3992281.0,14.574,8150
2015-11-04 05:00:00,14.56,14.575,14.38,14.38,5114079.0,14.4532,9776
2015-11-05 05:00:00,14.31,14.38,14.25,14.3,4280210.0,14.3059,7070
2015-11-06 05:00:00,14.11,14.13,14.04,14.08,4294157.0,14.083,8206
2015-11-09 05:00:00,13.97,13.975,13.78,13.89,6611953.0,13.8866,11499
2015-11-10 05:00:00,13.69,13.7999,13.65,13.76,5992068.0,13.7296,11027
2015-11-11 05:00:00,13.71,13.73,13.61,13.64,4186719.0,13.6669,8385
2015-11-12 05:00:00,13.59,13.83,13.54,13.64,6347460.0,13.6644,11640
2015-11-13 05:00:00,13.57,13.6,13.53,13.59,3801097.0,13.576,7353
2015-11-16 05:00:00,13.62,13.63,13.55,13.6,3270298.0,13.6006,6453
2015-11-17 05:00:00,13.63,13.63,13.47,13.55,6080311.0,13.5559,10235
2015-11-18 05:00:00,13.49,13.57,13.39,13.52,4434894.0,13.483,9356
2015-11-19 05:00:00,13.61,13.75,13.59,13.62,4458089.0,13.6597,8950
2015-11-20 05:00:00,13.59,13.6,13.4328,13.5,4750807.0,13.5061,9127
2015-11-23 05:00:00,13.41,13.545,13.4,13.45,4372958.0,13.4503,9238
2015-11-24 05:00:00,13.56,13.65,13.5,13.51,4541574.0,13.5619,8066
2015-11-25 05:00:00,13.44,13.56,13.4,13.52,4792361.0,13.4934,9440
2015-11-27 05:00:00,13.37,13.51,13.36,13.46,3576143.0,13.4423,7127
2015-11-30 05:00:00,13.45,13.5,13.4,13.44,4609915.0,13.4559,7653
2015-12-01 05:00:00,13.52,13.53,13.43,13.51,4050365.0,13.4885,8156
2015-12-02 05:00:00,13.44,13.4498,13.28,13.37,6458353.0,13.374,10703
2015-12-03 05:00:00,13.43,13.51,13.325,13.46,8245882.0,13.4047,11138
2015-12-04 05:00:00,13.66,13.94,13.63,13.87,14759806.0,13.8437,17837
2015-12-07 05:00:00,13.79,13.81,13.58,13.62,5827199.0,13.6793,10595
2015-12-08 05:00:00,13.61,13.63,13.455,13.51,4889815.0,13.511,7380
2015-12-09 05:00:00,13.64,13.6601,13.475,13.49,3334566.0,13.5508,7543
2015-12-10 05:00:00,13.46,13.52,13.44,13.45,3923521.0,13.4713,6384
2015-12-11 05:00:00,13.16,13.33,13.16,13.3,6457161.0,13.2578,10664
2015-12-14 05:00:00,13.18,13.19,13.05,13.06,5583626.0,13.1043,9750
2015-12-15 05:00:00,13.11,13.185,13.06,13.11,3930260.0,13.1231,8066
2015-12-16 05:00:00,13.45,13.64,13.33,13.49,11176306.0,13.5062,21101
2015-12-17 05:00:00,13.19,13.2,13.04,13.08,8289880.0,13.0884,14663
2015-12-18 05:00:00,13.25,13.55,13.24,13.425,8282020.0,13.4361,14577
2015-12-21 05:00:00,13.59,13.67,13.54,13.59,6490163.0,13.605,11854
2015-12-22 05:00:00,13.65,13.67,13.58,13.59,5083718.0,13.6136,12581
2015-12-23 05:00:00,13.59,13.68,13.54,13.62,3218044.0,13.6194,5879
2015-12-24 05:00:00,13.67,13.72,13.6601,13.69,3277167.0,13.6979,4729
2015-12-28 05:00:00,13.38,13.4,13.22,13.29,5506003.0,13.3004,9347
2015-12-29 05:00:00,13.36,13.39,13.26,13.27,3566146.0,13.3209,8508
2015-12-30 05:00:00,13.2,13.22,13.16,13.21,2850006.0,13.1948,5486
2015-12-31 05:00:00,13.2,13.25,13.16,13.19,3489142.0,13.1976,7357
2016-01-04 05:00:00,13.47,13.52,13.19,13.19,4617107.0,13.3278,10336
2016-01-05 05:00:00,13.31,13.365,13.25,13.311,3722787.0,13.3152,7194
2016-01-06 05:00:00,13.37,13.48,13.26,13.36,3414677.0,13.3471,8335
2016-01-07 05:00:00,13.47,13.705,13.4,13.62,9669508.0,13.5687,16158
2016-01-08 05:00:00,13.41,13.43,13.23,13.3,5897737.0,13.3354,9994
2016-01-11 05:00:00,13.39,13.39,13.18,13.22,3799061.0,13.2892,8128
2016-01-12 05:00:00,13.17,13.2,13.1,13.17,4588371.0,13.1391,8684
2016-01-13 05:00:00,13.31,13.53,13.29,13.49,7780925.0,13.4605,14697
2016-01-14 05:00:00,13.2,13.22,13.1,13.19,6130735.0,13.1702,10862
2016-01-15 05:00:00,13.42,13.44,13.215,13.24,6320180.0,13.2955,12289
2016-01-19 05:00:00,13.45,13.47,13.35,13.36,4689256.0,13.4063,9621
2016-01-20 05:00:00,13.42,13.54,13.38,13.48,5764535.0,13.4623,10434
2016-01-21 05:00:00,13.31,13.46,13.225,13.46,4268422.0,13.347,8505
2016-01-22 05:00:00,13.52,13.66,13.36,13.38,5563702.0,13.4975,10587
2016-01-25 05:00:00,13.56,13.585,13.51,13.58,3474817.0,13.5552,6990
2016-01-26 05:00:00,13.67,13.87,13.66,13.82,7802361.0,13.768,12500
2016-01-27 05:00:00,13.79,13.88,13.67,13.81,4311822.0,13.7878,9746
2016-01-28 05:00:00,13.55,13.6067,13.53,13.57,4153573.0,13.5677,7769
2016-01-29 05:00:00,13.53,13.6211,13.5,13.59,3640431.0,13.5795,7952
2016-02-01 05:00:00,13.64,13.73,13.571,13.67,3404198.0,13.6517,7172
2016-02-02 05:00:00,13.66,13.715,13.561,13.62,2957326.0,13.6358,6376
2016-02-03 05:00:00,13.74,14.1,13.73,13.95,10054183.0,13.945,19125
2016-02-04 05:00:00,14.16,14.2,14.06,14.17,7021145.0,14.1504,13244
2016-02-05 05:00:00,13.98,14.34,13.97,14.34,5446008.0,14.124,10893
2016-02-08 05:00:00,14.51,14.72,14.48,14.59,13566863.0,14.6167,23801
2016-02-09 05:00:00,14.64,14.71,14.46,14.51,6803750.0,14.5896,15443
2016-02-10 05:00:00,14.51,14.58,14.37,14.55,5096989.0,14.4964,12397
2016-02-11 05:00:00,14.95,15.2,14.79,14.95,21499961.0,15.0056,41480
2016-02-12 05:00:00,14.95,15.06,14.89,14.99,7130878.0,14.9784,13757
2016-02-16 05:00:00,14.68,14.68,14.5,14.51,8638258.0,14.585,15164
2016-02-17 05:00:00,14.55,14.65,14.52,14.54,4999881.0,14.5797,10741
2016-02-18 05:00:00,14.53,14.8199,14.51,14.76,7516893.0,14.6938,17349
2016-02-19 05:00:00,14.62,14.7,14.6,14.64,5343055.0,14.6451,9597
2016-02-22 05:00:00,14.34,14.52,14.34,14.43,5417611.0,14.4311,9963
2016-02-23 05:00:00,14.51,14.5799,14.485,14.54,4406109.0,14.5314,9278
2016-02-24 05:00:00,14.72,14.84,14.45,14.52,8958179.0,14.6688,16865
2016-02-25 05:00:00,14.38,14.48,14.32,14.41,5180694.0,14.4245,11571
2016-02-26 05:00:00,14.31,14.33,13.97,14.02,10290972.0,14.1038,19460
2016-02-29 05:00:00,14.04,14.21,14.03,14.2,4938645.0,14.1362,9563
2016-03-01 05:00:00,14.21,14.22,14.01,14.17,20681241.0,14.142,18950
2016-03-02 05:00:00,14.17,14.31,14.1499,14.25,9133797.0,14.2513,13956
2016-03-03 05:00:00,14.26,14.59,14.26,14.5,10448069.0,14.4408,19030
2016-03-04 05:00:00,14.67,15.04,14.65,14.76,18755059.0,14.8528,35184
2016-03-07 05:00:00,14.86,14.97,14.78,14.9,8332549.0,14.8849,16705
2016-03-08 05:00:00,14.84,14.86,14.6,14.62,8148958.0,14.692,16877
2016-03-09 05:00:00,14.5,14.7,14.47,14.53,5620677.0,14.5897,11763
2016-03-10 05:00:00,14.72,14.9,14.7,14.82,11744570.0,14.8036,22879
2016-03-11 05:00:00,14.87,14.92,14.72,14.72,7177364.0,14.8318,16308
2016-03-14 04:00:00,15.03,15.04,14.54,14.58,11305117.0,14.7179,22005
2016-03-15 04:00:00,14.52,14.58,14.46,14.54,4692537.0,14.5254,9597
2016-03-16 04:00:00,14.51,14.91,14.47,14.87,10300378.0,14.7491,20536
2016-03-17 04:00:00,15.11,15.2761,15.0,15.16,20688279.0,15.16,33772
2016-03-18 04:00:00,15.09,15.15,14.98,15.03,8934334.0,15.0705,19158
2016-03-21 04:00:00,15.05,15.12,14.99,15.06,5287800.0,15.0629,10685
2016-03-22 04:00:00,15.08,15.195,15.01,15.12,5024227.0,15.1116,10830
2016-03-23 04:00:00,14.65,14.66,14.5,14.51,14398804.0,14.5759,24920
2016-03-24 04:00:00,14.57,14.595,14.43,14.43,5424936.0,14.4911,11329
2016-03-28 04:00:00,14.58,14.63,14.43,14.46,3438293.0,14.5062,7836
2016-03-29 04:00:00,14.53,14.62,14.38,14.6,7704202.0,14.5305,15102
2016-03-30 04:00:00,14.6,14.6862,14.45,14.49,7874975.0,14.5302,13587
2016-03-31 04:00:00,14.7,14.74,14.61,14.68,5868222.0,14.684,11315
2016-04-01 04:00:00,14.24,14.38,14.085,14.34,13947067.0,14.2489,22314
2016-04-04 04:00:00,14.33,14.36,14.2,14.2,5481011.0,14.2574,11319
2016-04-05 04:00:00,14.41,14.44,14.35,14.42,7597167.0,14.3924,14289
2016-04-06 04:00:00,14.31,14.46,14.27,14.34,4688215.0,14.3382,10523
2016-04-07 04:00:00,14.56,14.62,14.42,14.48,8633930.0,14.5219,13037
2016-04-08 04:00:00,14.51,14.65,14.49,14.62,7946448.0,14.5928,16198
2016-04-11 04:00:00,14.93,15.2,14.93,15.14,13189432.0,15.1035,26332
2016-04-12 04:00:00,15.28,15.43,15.2,15.41,11986470.0,15.3406,21287
2016-04-13 04:00:00,15.48,15.53,15.29,15.44,10558006.0,15.4403,18617
2016-04-14 04:00:00,15.4,15.46,15.3,15.34,7392530.0,15.3661,14616
2016-04-15 04:00:00,15.4,15.58,15.32,15.46,9692008.0,15.4522,17119
2016-04-18 04:00:00,15.47,15.53,15.41,15.42,5351109.0,15.4542,13482
2016-04-19 04:00:00,16.16,16.1999,16.04,16.12,18838280.0,16.121,32477
2016-04-20 04:00:00,16.24,16.36,16.13,16.14,16221575.0,16.2575,30088
2016-04-21 04:00:00,16.43,16.44,15.92,16.21,18781338.0,16.181,35595
2016-04-22 04:00:00,16.36,16.51,16.02,16.13,14527789.0,16.2624,25779
2016-04-25 04:00:00,16.2,16.29,16.095,16.17,9324845.0,16.1866,17291
2016-04-26 04:00:00,16.23,16.32,16.16,16.29,7745933.0,16.2534,13933
2016-04-27 04:00:00,16.37,16.48,16.22,16.38,17178776.0,16.3673,29277
2016-04-28 04:00:00,16.51,16.8,16.46,16.77,13007928.0,16.6636,21639
2016-04-29 04:00:00,16.96,17.09,16.87,16.98,15182011.0,16.9797,25831
2016-05-02 04:00:00,16.94,16.95,16.63,16.64,12874042.0,16.7725,22957
2016-05-03 04:00:00,16.75,16.75,16.48,16.57,9740557.0,16.5761,20052
2016-05-04 04:00:00,16.53,16.61,16.39,16.49,8323403.0,16.4842,16946
2016-05-05 04:00:00,16.73,16.745,16.4,16.51,7639668.0,16.5462,14236
2016-05-06 04:00:00,16.53,16.74,16.49,16.63,9188186.0,16.622,16559
2016-05-09 04:00:00,16.25,16.28,16.1,16.12,10563436.0,16.1755,19622
2016-05-10 04:00:00,16.25,16.32,16.17,16.28,6278265.0,16.2487,13680
2016-05-11 04:00:00,16.59,16.66,16.43,16.56,9226325.0,16.5355,17267
2016-05-12 04:00:00,16.54,16.57,16.17,16.22,9826733.0,16.3392,18061
2016-05-13 04:00:00,16.16,16.29,16.08,16.28,6156459.0,16.2157,12519
2016-05-16 04:00:00,16.48,16.55,16.265,16.32,6588735.0,16.3877,13209
2016-05-17 04:00:00,16.31,16.5,16.29,16.41,5992348.0,16.4068,13468
2016-05-18 04:00:00,16.16,16.32,15.9,16.0,13533251.0,16.1327,25321
2016-05-19 04:00:00,15.57,15.72,15.53,15.67,17547137.0,15.6208,28137
2016-05-20 04:00:00,15.82,15.82,15.61,15.69,5965828.0,15.6968,13083
2016-05-23 04:00:00,15.52,15.65,15.51,15.59,6041478.0,15.5944,12925
2016-05-24 04:00:00,15.51,15.64,15.4,15.42,7939491.0,15.4859,16361
2016-05-25 04:00:00,15.48,15.56,15.44,15.5,7982926.0,15.498,13283
2016-05-26 04:00:00,15.71,15.73,15.49,15.53,5485663.0,15.5721,11733
2016-05-27 04:00:00,15.5,15.505,15.3401,15.39,5917952.0,15.4311,12814
2016-05-31 04:00:00,15.26,15.31,15.17,15.19,7432172.0,15.2345,15870
2016-06-01 04:00:00,15.19,15.25,15.04,15.17,7146485.0,15.1764,13791
2016-06-02 04:00:00,15.21,15.25,15.17,15.22,4223588.0,15.2133,9648
2016-06-03 04:00:00,15.59,15.64,15.51,15.61,9059251.0,15.5757,17710
2016-06-06 04:00:00,15.63,15.68,15.565,15.68,5736261.0,15.6272,13782
2016-06-07 04:00:00,15.57,15.66,15.54,15.6,4896852.0,15.5891,11906
2016-06-08 04:00:00,16.16,16.26,16.1,16.21,14512870.0,16.1822,23041
2016-06-09 04:00:00,16.24,16.48,16.22,16.47,12579778.0,16.3974,23069
2016-06-10 04:00:00,16.47,16.53,16.36,16.49,11215081.0,16.4703,19295
2016-06-13 04:00:00,16.53,16.6,16.46,16.58,7799509.0,16.5436,14406
2016-06-14 04:00:00,16.6,16.6,16.45,16.54,7612105.0,16.5203,14053
2016-06-15 04:00:00,16.61,16.75,16.565,16.69,11249002.0,16.6501,19162
2016-06-16 04:00:00,16.89,16.92,16.3,16.31,36351529.0,16.558,41366
2016-06-17 04:00:00,16.6,16.62,16.39,16.6,14781427.0,16.5499,27214
2016-06-20 04:00:00,16.51,16.69,16.49,16.65,7317234.0,16.6001,11937
2016-06-21 04:00:00,16.47,16.5,16.32,16.38,6642817.0,16.4117,12740
2016-06-22 04:00:00,16.41,16.48,16.39,16.42,4521830.0,16.427,9207
2016-06-23 04:00:00,16.45,16.52,16.425,16.49,7472429.0,16.4828,12212
2016-06-24 04:00:00,17.05,17.07,16.8,16.89,16614223.0,16.9055,30049
2016-06-27 04:00:00,16.91,16.93,16.78,16.87,8983336.0,16.8748,15463
2016-06-28 04:00:00,16.9,16.97,16.85,16.91,6759611.0,16.9055,11816
2016-06-29 04:00:00,17.34,17.52,17.29,17.37,13965012.0,17.4074,21146
2016-06-30 04:00:00,17.53,17.9,17.46,17.865,18416275.0,17.6992,26834
2016-07-01 04:00:00,18.28,18.92,18.28,18.74,29989451.0,18.5283,41716
2016-07-05 04:00:00,18.87,19.08,18.67,18.98,28689077.0,18.8796,48602
2016-07-06 04:00:00,18.99,19.24,18.88,19.1,23766615.0,19.0619,43779
2016-07-07 04:00:00,18.89,18.9,18.5,18.71,19039235.0,18.6953,32981
2016-07-08 04:00:00,18.88,19.22,18.7,19.22,20102877.0,18.976,28598
2016-07-11 04:00:00,19.25,19.45,19.22,19.3,20224185.0,19.3291,30106
2016-07-12 04:00:00,19.35,19.43,18.9701,19.09,21190472.0,19.2071,32913
2016-07-13 04:00:00,19.32,19.4,19.16,19.39,9452404.0,19.3285,17465
2016-07-14 04:00:00,19.11,19.3041,19.1,19.25,10881373.0,19.231,17912
2016-07-15 04:00:00,19.1,19.18,19.01,19.08,11279585.0,19.1053,20533
2016-07-18 04:00:00,18.93,19.12,18.92,19.1,8619017.0,19.0114,16004
2016-07-19 04:00:00,18.91,19.02,18.89,18.92,5248638.0,18.939,9820
2016-07-20 04:00:00,18.49,18.62,18.39,18.42,13492674.0,18.4949,22626
2016-07-21 04:00:00,18.37,18.895,18.36,18.88,12846133.0,18.6828,22407
2016-07-22 04:00:00,18.67,18.74,18.59,18.67,6826043.0,18.6615,11385
2016-07-25 04:00:00,18.49,18.7294,18.34,18.54,8644609.0,18.5534,17751
2016-07-26 04:00:00,18.67,18.71,18.63,18.66,4110580.0,18.6611,8680
2016-07-27 04:00:00,19.02,19.4,18.8,19.37,20054816.0,19.1567,27170
2016-07-28 04:00:00,19.3,19.34,19.1,19.21,9657943.0,19.2255,16971
2016-07-29 04:00:00,19.26,19.395,19.09,19.35,14664731.0,19.278,23852
2016-08-01 04:00:00,19.45,19.55,19.35,19.43,11590015.0,19.4484,19664
2016-08-02 04:00:00,19.65,19.71,19.56,19.6,9389341.0,19.63,18252
2016-08-03 04:00:00,19.52,19.52,19.35,19.38,7129055.0,19.4174,13475
2016-08-04 04:00:00,19.28,19.445,19.27,19.35,5468591.0,19.3643,9859
2016-08-05 04:00:00,18.93,18.93,18.71,18.71,15087843.0,18.7949,22731
2016-08-08 04:00:00,18.76,18.875,18.725,18.74,6084237.0,18.7906,12068
2016-08-09 04:00:00,18.85,18.885,18.78,18.87,4754391.0,18.8432,9385
2016-08-10 04:00:00,19.29,19.32,19.1284,19.16,8651366.0,19.2039,13413
2016-08-11 04:00:00,19.16,19.26,18.95,18.96,8105440.0,19.0707,14424
2016-08-12 04:00:00,19.15,19.19,18.68,18.72,9836783.0,18.9106,17059
2016-08-15 04:00:00,18.77,18.89,18.76,18.83,4449016.0,18.8377,9644
2016-08-16 04:00:00,18.77,18.95,18.73,18.82,9691771.0,18.8368,15410
2016-08-17 04:00:00,18.72,18.82,18.41,18.68,14618274.0,18.66,22141
2016-08-18 04:00:00,18.79,18.85,18.7001,18.77,6257218.0,18.7749,10402
2016-08-19 04:00:00,18.4,18.48,18.33,18.35,11493367.0,18.393,16714
2016-08-22 04:00:00,18.01,18.03,17.9,17.97,12278980.0,17.9649,23504
2016-08-23 04:00:00,18.05,18.1,17.91,17.93,8261070.0,17.9834,14324
2016-08-24 04:00:00,17.775,17.78,17.6,17.62,11820345.0,17.6648,20119
2016-08-25 04:00:00,17.61,17.705,17.6,17.63,6661482.0,17.6322,12664
2016-08-26 04:00:00,17.79,18.12,17.62,17.72,16056767.0,17.8208,26028
2016-08-29 04:00:00,17.68,17.93,17.66,17.9,6200842.0,17.8159,12239
2016-08-30 04:00:00,17.8,17.86,17.6437,17.67,10113851.0,17.7082,14338
2016-08-31 04:00:00,17.7,17.8,17.69,17.72,4347259.0,17.7341,9090
2016-09-01 04:00:00,17.74,17.99,17.69,17.94,11186368.0,17.8529,16326
2016-09-02 04:00:00,18.26,18.44,18.16,18.44,12220650.0,18.2912,19300
2016-09-06 04:00:00,18.66,19.116,18.63,19.05,15730195.0,18.9021,26519
2016-09-07 04:00:00,18.98,18.99,18.73,18.78,7417619.0,18.8253,15694
2016-09-08 04:00:00,18.78,18.87,18.5692,18.62,8352101.0,18.6847,14787
2016-09-09 04:00:00,18.49,18.5,18.1,18.11,12606574.0,18.2991,18813
2016-09-12 04:00:00,17.92,18.2199,17.85,18.17,11561112.0,18.0269,17486
2016-09-13 04:00:00,18.09,18.11,17.84,17.93,8803558.0,17.9651,13101
2016-09-14 04:00:00,18.05,18.14,18.0,18.02,4762976.0,18.0601,8719
2016-09-15 04:00:00,18.02,18.16,17.87,18.04,8202692.0,18.0357,10559
2016-09-16 04:00:00,17.77,17.88,17.74,17.86,8058825.0,17.8299,11061
2016-09-19 04:00:00,18.275,18.32,18.18,18.2,5498378.0,18.2432,9645
2016-09-20 04:00:00,18.15,18.3,18.115,18.27,3052953.0,18.2214,5650
2016-09-21 04:00:00,18.61,18.87,18.54,18.85,17296290.0,18.7269,25631
2016-09-22 04:00:00,18.98,19.05,18.85,18.9,9240784.0,18.9537,16389
2016-09-23 04:00:00,18.81,18.85,18.59,18.68,6948759.0,18.7384,10194
2016-09-26 04:00:00,18.64,18.67,18.37,18.41,6701008.0,18.5117,13431
2016-09-27 04:00:00,18.25,18.3,18.01,18.17,7780271.0,18.184,13241
2016-09-28 04:00:00,18.09,18.24,17.96,18.21,6993448.0,18.1328,12174
2016-09-29 04:00:00,18.14,18.24,18.05,18.11,5776865.0,18.139,12015
2016-09-30 04:00:00,18.65,18.67,18.13,18.2,11582983.0,18.3407,18301
2016-10-03 04:00:00,18.1,18.11,17.76,17.87,18044604.0,17.8662,19788
2016-10-04 04:00:00,17.58,17.58,16.82,16.94,27964589.0,17.1751,41560
2016-10-05 04:00:00,17.0,17.01,16.66,16.85,18165804.0,16.8451,29498
2016-10-06 04:00:00,16.51,16.56,16.24,16.44,18475573.0,16.4204,29506
2016-10-07 04:00:00,16.7,16.74,16.23,16.6,20243073.0,16.5017,30782
2016-10-10 04:00:00,16.75,16.83,16.7,16.73,8438029.0,16.761,12685
2016-10-11 04:00:00,16.7,16.73,16.5599,16.56,7212883.0,16.619,11366
2016-10-12 04:00:00,16.6,16.71,16.53,16.65,6304093.0,16.6174,10032
2016-10-13 04:00:00,16.6,16.66,16.535,16.61,6259382.0,16.5973,12253
2016-10-14 04:00:00,16.56,16.69,16.48,16.56,8324422.0,16.5745,13583
2016-10-17 04:00:00,16.54,16.6,16.5,16.57,3556924.0,16.5556,7134
2016-10-18 04:00:00,16.69,16.8,16.62,16.72,8172935.0,16.7311,10241
2016-10-19 04:00:00,16.8,16.845,16.675,16.79,8595587.0,16.7736,12770
2016-10-20 04:00:00,16.8,16.83,16.56,16.64,7043027.0,16.6601,10374
2016-10-21 04:00:00,16.65,16.66,16.57,16.65,4149541.0,16.6212,7701
2016-10-24 04:00:00,16.96,16.98,16.64,16.7,5794115.0,16.7663,10252
2016-10-25 04:00:00,16.8,16.92,16.77,16.86,6575146.0,16.8467,10807
2016-10-26 04:00:00,16.81,16.87,16.68,16.71,5797202.0,16.7586,10385
2016-10-27 04:00:00,16.75,16.77,16.675,16.73,4059198.0,16.7321,7973
2016-10-28 04:00:00,16.82,17.01,16.73,16.87,9811517.0,16.8742,15656
2016-10-31 04:00:00,16.94,17.0,16.87,16.97,6060008.0,16.9189,10279
2016-11-01 04:00:00,17.37,17.55,17.32,17.41,12900373.0,17.4398,19489
2016-11-02 04:00:00,17.62,17.79,17.55,17.56,10936882.0,17.6749,25008
2016-11-03 04:00:00,17.26,17.5,17.24,17.42,7919836.0,17.3475,14589
2016-11-04 04:00:00,17.47,17.54,17.4,17.46,5672587.0,17.4651,11468
2016-11-07 05:00:00,17.31,17.32,17.09,17.29,7077185.0,17.2518,13596
2016-11-08 05:00:00,17.37,17.78,17.34,17.4,11208534.0,17.4943,20955
2016-11-09 05:00:00,17.86,17.87,17.4,17.45,16732867.0,17.6091,27404
2016-11-10 05:00:00,17.65,17.8011,17.475,17.56,17506228.0,17.6403,30663
2016-11-11 05:00:00,17.49,17.5,16.31,16.47,50069541.0,16.7769,73484
2016-11-14 05:00:00,16.19,16.23,15.78,16.0,28808431.0,15.9896,46938
2016-11-15 05:00:00,16.04,16.26,16.01,16.19,10305534.0,16.1652,20611
2016-11-16 05:00:00,16.2,16.21,16.0,16.09,7007832.0,16.0779,13786
2016-11-17 05:00:00,16.11,16.17,15.73,15.84,20976133.0,15.8871,23680
2016-11-18 05:00:00,15.78,15.85,15.6,15.73,9995812.0,15.7199,18059
2016-11-21 05:00:00,15.76,15.86,15.67,15.72,8419974.0,15.744,15306
2016-11-22 05:00:00,15.88,15.9,15.6932,15.8,6669231.0,15.7959,11913
2016-11-23 05:00:00,15.5,15.62,15.3401,15.52,12236288.0,15.5071,24223
2016-11-25 05:00:00,15.7,15.72,15.595,15.63,4894601.0,15.6655,8028
2016-11-28 05:00:00,15.72,15.839,15.63,15.77,6830105.0,15.7456,11819
2016-11-29 05:00:00,15.59,15.87,15.58,15.78,4756503.0,15.7345,9157
2016-11-30 05:00:00,15.78,15.8148,15.57,15.66,8677144.0,15.6732,14121
2016-12-01 05:00:00,15.51,15.82,15.45,15.66,8477819.0,15.6238,15234
2016-12-02 05:00:00,15.7,15.94,15.68,15.83,8086278.0,15.835,13452
2016-12-05 05:00:00,15.75,16.0,15.67,15.88,7198312.0,15.8334,15036
2016-12-06 05:00:00,15.86,16.01,15.83,15.85,4646688.0,15.9048,10002
2016-12-07 05:00:00,16.17,16.34,16.1601,16.23,10080602.0,16.2506,16588
2016-12-08 05:00:00,16.14,16.2,16.08,16.14,5842550.0,16.1414,12550
2016-12-09 05:00:00,16.15,16.18,15.92,15.97,7902282.0,16.0338,12131
2016-12-12 05:00:00,16.24,16.29,16.16,16.19,7346184.0,16.2239,13387
2016-12-13 05:00:00,16.18,16.24,15.9,16.04,8206309.0,16.0316,13148
2016-12-14 05:00:00,16.24,16.33,15.8725,15.93,15846163.0,16.0802,23674
2016-12-15 05:00:00,15.25,15.3,15.061,15.18,22111108.0,15.1894,31019
2016-12-16 05:00:00,15.22,15.42,15.12,15.27,8583320.0,15.2597,17031
2016-12-19 05:00:00,15.24,15.26,15.09,15.17,6794511.0,15.18,14218
2016-12-20 05:00:00,14.86,15.26,14.85,15.24,10749153.0,15.0229,18041
2016-12-21 05:00:00,15.26,15.3,15.07,15.12,6061425.0,15.1513,11847
2016-12-22 05:00:00,15.05,15.2,14.95,14.98,7322359.0,15.0478,10889
2016-12-23 05:00:00,14.95,14.99,14.88,14.91,7895707.0,14.9264,11599
2016-12-27 05:00:00,14.99,15.15,14.9744,15.13,5560413.0,15.0592,9738
2016-12-28 05:00:00,15.08,15.22,15.0401,15.2,5798232.0,15.1503,9612
2016-12-29 05:00:00,15.21,15.4,15.17,15.32,8178957.0,15.298,13012
2016-12-30 05:00:00,15.37,15.41,15.02,15.11,8564212.0,15.1828,15059
2017-01-03 05:00:00,15.25,15.64,15.19,15.44,11033724.0,15.4433,19261
2017-01-04 05:00:00,15.58,15.66,15.49,15.58,6142924.0,15.5809,13185
2017-01-05 05:00:00,15.73,15.85,15.66,15.76,7785596.0,15.7552,18334
2017-01-06 05:00:00,15.57,15.7,15.55,15.64,6097948.0,15.6158,12691
2017-01-09 05:00:00,15.69,15.83,15.65,15.7,7288880.0,15.7287,11616
2017-01-10 05:00:00,15.8,16.03,15.8,15.91,7865116.0,15.9214,16392
2017-01-11 05:00:00,15.77,16.0,15.67,15.87,7950580.0,15.8201,13671
2017-01-12 05:00:00,15.98,16.07,15.86,15.91,6089614.0,15.9569,11085
2017-01-13 05:00:00,15.82,15.95,15.73,15.94,5281245.0,15.8639,9373
2017-01-17 05:00:00,16.21,16.32,16.17,16.28,7882785.0,16.2409,13327
2017-01-18 05:00:00,16.28,16.43,16.15,16.19,8199371.0,16.2897,17274
2017-01-19 05:00:00,15.945,16.17,15.87,16.12,7699053.0,16.0151,12672
2017-01-20 05:00:00,16.12,16.27,16.02,16.19,8462434.0,16.1608,13139
2017-01-23 05:00:00,16.23,16.31,16.18,16.29,4206909.0,16.2626,8519
2017-01-24 05:00:00,16.28,16.39,16.14,16.22,7348484.0,16.2535,12069
2017-01-25 05:00:00,15.96,16.13,15.91,16.1,8319481.0,16.0477,11173
2017-01-26 05:00:00,15.94,16.0225,15.84,15.93,5941786.0,15.9192,11061
2017-01-27 05:00:00,15.9,16.35,15.85,16.22,8214085.0,16.1493,14509
2017-01-30 05:00:00,16.28,16.3717,16.18,16.23,6467690.0,16.2514,11142
2017-01-31 05:00:00,16.56,16.69,16.5,16.63,11082328.0,16.5949,18796
2017-02-01 05:00:00,16.54,16.72,16.45,16.61,7615246.0,16.5799,13924
2017-02-02 05:00:00,16.73,16.76,16.5,16.56,5407869.0,16.6153,11587
2017-02-03 05:00:00,16.49,16.63,16.47,16.57,5402462.0,16.5516,11270
2017-02-06 05:00:00,16.71,16.83,16.66,16.82,6729329.0,16.7596,13459
2017-02-07 05:00:00,16.76,16.87,16.75,16.79,4528469.0,16.8063,8468
2017-02-08 05:00:00,16.88,16.94,16.76,16.84,4534413.0,16.859,9001
2017-02-09 05:00:00,16.89,16.92,16.691,16.75,4814733.0,16.7881,9753
2017-02-10 05:00:00,16.75,17.07,16.75,17.02,8820767.0,16.9627,17226
2017-02-13 05:00:00,16.96,16.98,16.83,16.89,5948033.0,16.9048,9987
2017-02-14 05:00:00,17.11,17.12,16.81,17.01,8069340.0,16.9625,13951
2017-02-15 05:00:00,16.91,17.05,16.89,17.04,4081628.0,16.9892,8157
2017-02-16 05:00:00,17.11,17.19,17.08,17.15,4991812.0,17.1388,9789
2017-02-17 05:00:00,17.06,17.13,17.04,17.06,4638757.0,17.0832,7892
2017-02-21 05:00:00,16.96,17.14,16.9,17.03,4800241.0,17.0442,8558
2017-02-22 05:00:00,17.06,17.11,16.985,17.11,4657333.0,17.0488,8821
2017-02-23 05:00:00,17.23,17.27,17.11,17.24,4873927.0,17.2024,9087
2017-02-24 05:00:00,17.37,17.45,17.29,17.4,8025935.0,17.3976,14474
2017-02-27 05:00:00,17.41,17.53,17.265,17.27,8487005.0,17.3924,13148
2017-02-28 05:00:00,17.42,17.495,17.34,17.37,6983057.0,17.4205,13716
2017-03-01 05:00:00,17.34,17.49,17.33,17.44,6245944.0,17.4203,14047
2017-03-02 05:00:00,17.34,17.4,16.75,16.8,15848295.0,16.9892,26645
2017-03-03 05:00:00,16.81,17.04,16.73,16.98,8780338.0,16.8659,17761
2017-03-06 05:00:00,16.93,16.93,16.77,16.83,5618693.0,16.8576,9671
2017-03-07 05:00:00,16.63,16.69,16.545,16.55,6595536.0,16.5944,11339
2017-03-08 05:00:00,16.41,16.44,16.31,16.32,6856500.0,16.364,13861
2017-03-09 05:00:00,16.32,16.34,16.04,16.06,8481542.0,16.1434,16332
2017-03-10 05:00:00,16.07,16.16,16.0,16.15,6809216.0,16.0611,13379
2017-03-13 04:00:00,16.08,16.13,16.06,16.07,4252908.0,16.0914,8692
2017-03-14 04:00:00,16.05,16.12,15.97,15.99,4760859.0,16.0373,10246
2017-03-15 04:00:00,16.03,16.445,15.94,16.43,9717970.0,16.1885,16673
2017-03-16 04:00:00,16.56,16.57,16.34,16.4,5720659.0,16.4439,11497
2017-03-17 04:00:00,16.41,16.5,16.4,16.47,3079646.0,16.4531,5217
2017-03-20 04:00:00,16.49,16.53,16.44,16.5069,2600629.0,16.4898,5452
2017-03-21 04:00:00,16.6,16.675,16.57,16.61,5533193.0,16.6224,10028
2017-03-22 04:00:00,16.61,16.6599,16.56,16.62,3137753.0,16.6165,7175
2017-03-23 04:00:00,16.73,16.75,16.62,16.67,3978647.0,16.6852,9758
2017-03-24 04:00:00,16.71,16.845,16.69,16.81,5578051.0,16.7882,9562
2017-03-27 04:00:00,17.11,17.17,17.05,17.15,9629975.0,17.1232,13551
2017-03-28 04:00:00,17.2,17.27,17.11,17.18,7429490.0,17.1961,13754
2017-03-29 04:00:00,17.14,17.28,17.13,17.25,4464632.0,17.2276,9163
2017-03-30 04:00:00,17.18,17.33,17.14,17.15,6001773.0,17.2209,11660
2017-03-31 04:00:00,17.23,17.3,17.2,17.25,4732311.0,17.2477,9641
2017-04-03 04:00:00,17.21,17.295,17.2,17.24,4050383.0,17.2444,7110
2017-04-04 04:00:00,17.33,17.39,17.23,17.33,4374633.0,17.3259,7769
2017-04-05 04:00:00,17.23,17.34,17.17,17.32,5676170.0,17.2551,11718
2017-04-06 04:00:00,17.22,17.31,17.19,17.26,3934648.0,17.2592,8579
2017-04-07 04:00:00,17.4,17.42,16.915,17.03,10875982.0,17.1618,17300
2017-04-10 04:00:00,16.93,17.03,16.8,17.0,5560339.0,16.9287,10288
2017-04-11 04:00:00,17.1,17.35,17.09,17.31,7559469.0,17.2392,13453
2017-04-12 04:00:00,17.37,17.47,17.28,17.46,6480384.0,17.3661,12739
2017-04-13 04:00:00,17.57,17.59,17.4309,17.53,8297375.0,17.5067,13479
2017-04-17 04:00:00,17.53,17.58,17.38,17.43,5066057.0,17.4969,10346
2017-04-18 04:00:00,17.42,17.44,17.115,17.34,11434006.0,17.2735,17898
2017-04-19 04:00:00,17.27,17.29,17.14,17.18,7431458.0,17.2157,10772
2017-04-20 04:00:00,17.11,17.19,16.92,17.06,10709892.0,17.062,15492
2017-04-21 04:00:00,16.97,17.02,16.865,17.02,10720592.0,16.9515,14769
2017-04-24 04:00:00,16.84,16.99,16.79,16.98,6885114.0,16.8959,11620
2017-04-25 04:00:00,16.74,16.8,16.62,16.68,8457961.0,16.7067,14495
2017-04-26 04:00:00,16.57,16.6,16.4,16.57,9668600.0,16.5323,16459
2017-04-27 04:00:00,16.49,16.49,16.35,16.37,9606652.0,16.4006,14699
2017-04-28 04:00:00,16.31,16.39,16.25,16.3,7524077.0,16.3141,13407
2017-05-01 04:00:00,16.22,16.28,15.9,15.99,13640156.0,16.0883,19076
2017-05-02 04:00:00,15.97,15.98,15.89,15.93,7183634.0,15.934,12236
2017-05-03 04:00:00,15.79,15.8,15.58,15.59,10586772.0,15.6824,18149
2017-05-04 04:00:00,15.48,15.57,15.35,15.43,12118179.0,15.4509,17042
2017-05-05 04:00:00,15.43,15.51,15.36,15.5,8476591.0,15.4449,16631
2017-05-08 04:00:00,15.43,15.47,15.38,15.41,6149623.0,15.4196,10587
2017-05-09 04:00:00,15.35,15.35,15.21,15.3,7632302.0,15.2794,13577
2017-05-10 04:00:00,15.38,15.4,15.32,15.35,6780401.0,15.3536,12441
2017-05-11 04:00:00,15.37,15.47,15.35,15.45,7017943.0,15.4153,13796
2017-05-12 04:00:00,15.57,15.61,15.53,15.57,6334541.0,15.5603,12824
2017-05-15 04:00:00,15.865,15.88,15.72,15.75,6766116.0,15.7989,13252
2017-05-16 04:00:00,15.82,15.98,15.8,15.93,6901751.0,15.8868,12292
2017-05-17 04:00:00,16.08,16.13,15.87,16.0,11164130.0,16.0296,16245
2017-05-18 04:00:00,15.88,15.89,15.56,15.71,9208010.0,15.7403,17992
2017-05-19 04:00:00,15.94,15.96,15.85,15.94,6136067.0,15.9165,10915
2017-05-22 04:00:00,16.1,16.29,16.09,16.23,6458044.0,16.2003,11963
2017-05-23 04:00:00,16.34,16.38,16.1135,16.15,8053586.0,16.234,14091
2017-05-24 04:00:00,16.12,16.28,16.1,16.28,6475738.0,16.2016,11484
2017-05-25 04:00:00,16.29,16.32,16.2106,16.23,4171640.0,16.2665,8829
2017-05-26 04:00:00,16.38,16.45,16.3141,16.4,5724862.0,16.4024,11876
2017-05-30 04:00:00,16.39,16.52,16.39,16.47,6493034.0,16.4413,9498
2017-05-31 04:00:00,16.35,16.495,16.33,16.39,5178610.0,16.4134,12135
2017-06-01 04:00:00,16.16,16.41,16.14,16.38,5242117.0,16.2931,10372
2017-06-02 04:00:00,16.45,16.64,16.44,16.59,6867958.0,16.5437,11975
2017-06-05 04:00:00,16.64,16.71,16.595,16.63,4483177.0,16.6436,7120
2017-06-06 04:00:00,16.73,16.8,16.69,16.76,5424070.0,16.7448,9995
2017-06-07 04:00:00,16.7,16.78,16.5743,16.65,4312664.0,16.6718,8561
2017-06-08 04:00:00,16.68,16.68,16.37,16.49,7440389.0,16.4862,12130
2017-06-09 04:00:00,16.32,16.35,16.25,16.28,5441106.0,16.2997,10032
2017-06-12 04:00:00,16.11,16.18,16.0,16.04,5966830.0,16.0698,10558
2017-06-13 04:00:00,15.85,16.0,15.82,15.95,9314010.0,15.8983,13969
2017-06-14 04:00:00,16.3,16.37,15.94,15.95,13651500.0,16.1918,18096
2017-06-15 04:00:00,15.82,15.94,15.79,15.88,6266507.0,15.8647,8597
2017-06-16 04:00:00,15.81,15.82,15.75,15.79,4806695.0,15.7938,8948
2017-06-19 04:00:00,15.68,15.7,15.6,15.61,7444926.0,15.6508,12635
2017-06-20 04:00:00,15.57,15.61,15.51,15.59,6194251.0,15.5741,8639
2017-06-21 04:00:00,15.52,15.585,15.5,15.54,6018918.0,15.5401,9572
2017-06-22 04:00:00,15.68,15.73,15.63,15.68,5295659.0,15.6827,9452
2017-06-23 04:00:00,15.83,15.8456,15.7602,15.79,5237671.0,15.8018,9756
2017-06-26 04:00:00,15.71,15.735,15.65,15.68,3805360.0,15.689,7945
2017-06-27 04:00:00,15.73,15.85,15.675,15.79,4350081.0,15.7592,6846
2017-06-28 04:00:00,15.89,15.92,15.816,15.92,4787983.0,15.8882,6942
2017-06-29 04:00:00,15.74,15.85,15.71,15.73,5029964.0,15.7584,9109
2017-06-30 04:00:00,15.72,15.78,15.7,15.71,3820326.0,15.7376,6945
2017-07-03 04:00:00,15.37,15.43,15.23,15.3,7903599.0,15.3257,11753
2017-07-05 04:00:00,15.07,15.19,15.04,15.18,9527474.0,15.1068,16858
2017-07-06 04:00:00,15.15,15.17,15.075,15.15,5154518.0,15.1261,10564
2017-07-07 04:00:00,14.95,14.96,14.53,14.73,19192389.0,14.7285,30561
2017-07-10 04:00:00,14.46,14.9,14.44,14.83,14637895.0,14.7068,22138
2017-07-11 04:00:00,14.85,15.0,14.76,14.99,7774360.0,14.9081,13359
2017-07-12 04:00:00,15.09,15.12,15.0233,15.05,8272880.0,15.0773,11599
2017-07-13 04:00:00,15.04,15.05,14.84,14.87,7214910.0,14.91,12254
2017-07-14 04:00:00,15.14,15.22,15.01,15.08,7841837.0,15.1147,12618
2017-07-17 04:00:00,15.27,15.32,15.22,15.22,7567182.0,15.2685,11148
2017-07-18 04:00:00,15.37,15.45,15.3233,15.38,7794600.0,15.391,10872
2017-07-19 04:00:00,15.43,15.48,15.33,15.4,5131273.0,15.4138,8755
2017-07-20 04:00:00,15.38,15.53,15.3,15.42,7564096.0,15.4363,9915
2017-07-21 04:00:00,15.57,15.629,15.52,15.6,7450358.0,15.5731,11635
2017-07-24 04:00:00,15.66,15.67,15.54,15.58,5812744.0,15.5975,8397
2017-07-25 04:00:00,15.62,15.72,15.56,15.59,6720359.0,15.6104,9709
2017-07-26 04:00:00,15.56,15.79,15.52,15.75,9831234.0,15.6666,13255
2017-07-27 04:00:00,15.9,15.9,15.65,15.68,7377167.0,15.7344,11694
2017-07-28 04:00:00,15.76,15.84,15.74,15.81,5840991.0,15.7863,10100
2017-07-31 04:00:00,15.9,15.96,15.86,15.9,5672180.0,15.9098,10362
2017-08-01 04:00:00,15.83,15.92,15.79,15.79,6443638.0,15.8509,10073
2017-08-02 04:00:00,15.69,15.86,15.66,15.67,6322226.0,15.7582,9757
2017-08-03 04:00:00,15.72,15.79,15.7,15.72,5365416.0,15.7371,7967
2017-08-04 04:00:00,15.54,15.56,15.31,15.38,12170841.0,15.4117,16042
2017-08-07 04:00:00,15.27,15.41,15.27,15.33,4191890.0,15.3395,7429
2017-08-08 04:00:00,15.51,15.58,15.36,15.56,7409420.0,15.4924,9640
2017-08-09 04:00:00,15.86,16.01,15.83,15.98,12546203.0,15.9418,15047
2017-08-10 04:00:00,16.26,16.28,16.1,16.18,10522558.0,16.1906,15613
2017-08-11 04:00:00,16.09,16.18,16.03,16.17,6302184.0,16.1283,11189
2017-08-14 04:00:00,16.14,16.22,16.08,16.13,5294939.0,16.1469,8155
2017-08-15 04:00:00,15.71,15.84,15.68,15.74,8833983.0,15.7467,10730
2017-08-16 04:00:00,15.77,16.18,15.77,16.15,9819967.0,16.0569,13195
2017-08-17 04:00:00,16.18,16.2288,16.04,16.12,6398735.0,16.1324,8870
2017-08-18 04:00:00,16.21,16.24,16.04,16.1,8798685.0,16.1351,12590
2017-08-21 04:00:00,16.12,16.19,16.05,16.07,4983025.0,16.1142,7978
2017-08-22 04:00:00,16.14,16.16,15.95,16.07,5127338.0,16.0655,6470
2017-08-23 04:00:00,16.12,16.16,16.04,16.15,3175388.0,16.0985,5428
2017-08-24 04:00:00,16.04,16.08,15.95,16.03,4151372.0,16.0289,6414
2017-08-25 04:00:00,16.18,16.21,15.81,16.11,11920064.0,16.0469,15181
2017-08-28 04:00:00,16.24,16.52,16.2108,16.5,11081495.0,16.4184,15196
2017-08-29 04:00:00,16.67,16.68,16.32,16.42,12355652.0,16.5132,16564
2017-08-30 04:00:00,16.44,16.5,16.42,16.46,3300529.0,16.4578,5883
2017-08-31 04:00:00,16.46,16.66,16.4576,16.65,6445913.0,16.5731,9512
2017-09-01 04:00:00,16.71,16.77,16.55,16.73,7278945.0,16.6836,11421
2017-09-05 04:00:00,16.94,17.01,16.83,16.91,10761363.0,16.9374,16548
2017-09-06 04:00:00,16.99,17.0,16.83,16.87,8542048.0,16.9189,10874
2017-09-07 04:00:00,16.99,17.14,16.965,17.1,9221553.0,17.0759,12022
2017-09-08 04:00:00,17.12,17.13,16.9199,17.02,7804465.0,17.0324,12069
2017-09-11 04:00:00,16.85,16.93,16.76,16.77,7282225.0,16.8467,11056
2017-09-12 04:00:00,16.83,16.9199,16.8001,16.89,4304074.0,16.8682,7545
2017-09-13 04:00:00,16.81,16.83,16.69,16.76,6739226.0,16.7565,11081
2017-09-14 04:00:00,16.71,16.81,16.7,16.77,4091825.0,16.752,7674
2017-09-15 04:00:00,16.72,16.72,16.61,16.62,4176112.0,16.6571,8802
2017-09-18 04:00:00,16.39,16.41,16.12,16.27,11597634.0,16.2753,16474
2017-09-19 04:00:00,16.27,16.38,16.245,16.36,4238754.0,16.3082,7454
2017-09-20 04:00:00,16.31,16.43,16.03,16.19,10542139.0,16.2122,14819
2017-09-21 04:00:00,15.96,16.105,15.941,16.03,7150206.0,16.0204,9642
2017-09-22 04:00:00,16.01,16.0899,15.9801,16.05,3621233.0,16.0343,5450
2017-09-25 04:00:00,15.95,16.22,15.91,16.21,8925880.0,16.0899,12071
2017-09-26 04:00:00,16.02,16.02,15.85,15.91,7685304.0,15.9401,12950
2017-09-27 04:00:00,15.82,15.975,15.82,15.83,9022065.0,15.8808,10164
2017-09-28 04:00:00,15.88,15.96,15.8,15.92,4344038.0,15.8837,6634
2017-09-29 04:00:00,15.87,15.9039,15.71,15.74,6330528.0,15.795,9046
2017-10-02 04:00:00,15.75,15.806,15.66,15.67,5120984.0,15.716,9004
2017-10-03 04:00:00,15.69,15.745,15.68,15.71,3838606.0,15.7127,7026
2017-10-04 04:00:00,15.72,15.76,15.62,15.69,6719332.0,15.6976,9674
2017-10-05 04:00:00,15.76,15.81,15.66,15.69,4530584.0,15.7347,7374
2017-10-06 04:00:00,15.67,15.93,15.42,15.85,12122377.0,15.7246,15497
2017-10-09 04:00:00,15.95,16.04,15.9366,16.02,5576184.0,15.9886,9083
2017-10-10 04:00:00,16.23,16.29,16.15,16.15,8355203.0,16.214,13158
2017-10-11 04:00:00,16.2,16.28,16.11,16.25,6933455.0,16.196,10982
2017-10-12 04:00:00,16.22,16.3,16.16,16.26,4340332.0,16.2489,7514
2017-10-13 04:00:00,16.38,16.43,16.31,16.41,6616929.0,16.3787,10211
2017-10-16 04:00:00,16.43,16.49,16.15,16.25,7914337.0,16.349,12866
2017-10-17 04:00:00,16.11,16.17,16.02,16.09,7724442.0,16.0916,11005
2017-10-18 04:00:00,16.06,16.09,16.01,16.06,4124872.0,16.0488,6566
2017-10-19 04:00:00,16.06,16.305,16.05,16.27,7656627.0,16.2166,10887
2017-10-20 04:00:00,16.17,16.26,15.98,16.08,8794376.0,16.1078,11565
2017-10-23 04:00:00,15.97,16.16,15.92,16.14,6320440.0,16.0524,8787
2017-10-24 04:00:00,16.02,16.1,15.94,16.02,6171732.0,16.01,9297
2017-10-25 04:00:00,16.04,16.05,15.935,16.01,4316479.0,15.997,7655
2017-10-26 04:00:00,15.97,16.0,15.8153,15.85,6617974.0,15.9035,9311
2017-10-27 04:00:00,15.74,15.929,15.695,15.91,7225612.0,15.8202,9653
2017-10-30 04:00:00,15.86,15.9572,15.8048,15.91,3854257.0,15.87,6469
2017-10-31 04:00:00,15.82,15.85,15.71,15.79,10656744.0,15.7827,9835
2017-11-01 04:00:00,15.95,16.235,15.9301,16.18,10689112.0,16.1399,14802
2017-11-02 04:00:00,16.18,16.28,16.09,16.17,5499608.0,16.1747,8919
2017-11-03 04:00:00,16.2,16.22,15.84,15.92,6779743.0,15.9356,11302
2017-11-06 05:00:00,15.94,16.3,15.94,16.27,9806147.0,16.1926,16172
2017-11-07 05:00:00,16.21,16.23,15.9725,16.01,6467645.0,16.0549,12336
2017-11-08 05:00:00,16.14,16.29,16.05,16.06,6397543.0,16.1608,10571
2017-11-09 05:00:00,16.02,16.1,15.99,16.07,4291536.0,16.0412,9204
2017-11-10 05:00:00,16.1,16.15,15.85,15.95,7895177.0,15.9783,12132
2017-11-13 05:00:00,16.04,16.12,15.99,16.09,5959440.0,16.0742,7983
2017-11-14 05:00:00,16.01,16.14,15.925,16.08,6728562.0,16.0574,9748
2017-11-15 05:00:00,16.19,16.21,16.0,16.03,6371336.0,16.0668,9102
2017-11-16 05:00:00,16.1,16.17,16.09,16.12,4404873.0,16.1241,7031
2017-11-17 05:00:00,16.14,16.41,16.1,16.31,9025155.0,16.2578,13362
2017-11-20 05:00:00,16.14,16.17,15.9,15.98,12877676.0,16.0094,18881
2017-11-21 05:00:00,16.04,16.105,15.99,16.01,5835837.0,16.0485,8364
2017-11-22 05:00:00,16.15,16.205,16.13,16.17,5600427.0,16.1627,9179
2017-11-24 05:00:00,16.1,16.18,16.05,16.08,2423836.0,16.0936,3905
2017-11-27 05:00:00,16.2,16.21,16.06,16.1,4960258.0,16.107,7882
2017-11-28 05:00:00,16.11,16.1199,15.82,15.91,13159703.0,15.9263,20988
2017-11-29 05:00:00,15.76,15.79,15.59,15.64,9101712.0,15.6818,17743
2017-11-30 05:00:00,15.47,15.555,15.4,15.51,11035928.0,15.4861,17760
2017-12-01 05:00:00,15.42,15.63,15.33,15.53,14631941.0,15.4887,23378
2017-12-04 05:00:00,15.45,15.45,15.34,15.44,6857304.0,15.4021,10087
2017-12-05 05:00:00,15.29,15.29,15.13,15.23,10123965.0,15.2031,16273
2017-12-06 05:00:00,15.11,15.18,15.02,15.1,8124656.0,15.0883,13489
2017-12-07 05:00:00,14.92,14.97,14.77,14.87,11106988.0,14.8834,18891
2017-12-08 05:00:00,14.93,15.005,14.8862,14.96,6584380.0,14.9364,10359
2017-12-11 05:00:00,14.88,14.935,14.81,14.85,6204356.0,14.8758,11395
2017-12-12 05:00:00,14.78,14.88,14.74,14.86,7052957.0,14.8041,11184
2017-12-13 05:00:00,14.86,15.25,14.799,15.15,15271645.0,15.0126,19826
2017-12-14 05:00:00,15.05,15.05,14.935,15.02,7594537.0,14.9996,10482
2017-12-15 05:00:00,15.14,15.17,15.08,15.15,7126994.0,15.1324,9666
2017-12-18 05:00:00,15.2,15.26,15.18,15.22,4684291.0,15.221,9797
2017-12-19 05:00:00,15.2,15.24,15.14,15.22,5052990.0,15.1987,8643
2017-12-20 05:00:00,15.29,15.33,15.24,15.25,4520076.0,15.2852,6849
2017-12-21 05:00:00,15.22,15.32,15.2,15.22,3909980.0,15.2533,5977
2017-12-22 05:00:00,15.34,15.491,15.31,15.4,8326703.0,15.4097,11319
2017-12-26 05:00:00,15.55,15.63,15.53,15.59,6380425.0,15.5747,11797
2017-12-27 05:00:00,15.67,15.78,15.65,15.73,6516574.0,15.7291,10648
2017-12-28 05:00:00,15.85,15.9201,15.82,15.88,10101830.0,15.8763,13339
2017-12-29 05:00:00,16.02,16.15,15.925,15.99,13888444.0,16.0226,19255
2018-01-02 05:00:00,16.13,16.23,16.12,16.21,8943159.0,16.1834,15051
2018-01-03 05:00:00,16.19,16.26,16.0939,16.17,9149509.0,16.1817,12898
2018-01-04 05:00:00,16.21,16.3,16.19,16.23,7466259.0,16.2395,11799
2018-01-05 05:00:00,16.18,16.29,16.161,16.22,5651532.0,16.2425,10047
2018-01-08 05:00:00,16.17,16.19,16.07,16.15,6706993.0,16.138,11457
2018-01-09 05:00:00,16.01,16.065,15.95,16.03,6975433.0,16.0043,10160
2018-01-10 05:00:00,16.07,16.1,16.0,16.02,8167753.0,16.0413,10737
2018-01-11 05:00:00,16.01,16.07,15.91,16.01,5981867.0,16.0159,9103
2018-01-12 05:00:00,16.1,16.31,16.08,16.27,9850132.0,16.2061,13730
2018-01-16 05:00:00,16.13,16.25,16.09,16.25,8985910.0,16.1774,11699
2018-01-17 05:00:00,16.18,16.23,16.02,16.06,10718193.0,16.1031,15408
2018-01-18 05:00:00,16.075,16.16,15.95,15.97,8512327.0,16.0254,11237
2018-01-19 05:00:00,16.05,16.12,16.02,16.05,7674657.0,16.0597,9465
2018-01-22 05:00:00,16.07,16.09,16.0,16.04,4588122.0,16.0429,7809
2018-01-23 05:00:00,15.86,16.09,15.791,16.08,9722787.0,15.939,11515
2018-01-24 05:00:00,16.38,16.62,16.35,16.56,17237387.0,16.4783,21313
2018-01-25 05:00:00,16.54,16.64,16.16,16.31,17380071.0,16.4076,20915
2018-01-26 05:00:00,16.38,16.5,16.36,16.41,7151763.0,16.42,11852
2018-01-29 05:00:00,16.29,16.29,16.13,16.21,7179701.0,16.2075,10789
2018-01-30 05:00:00,16.31,16.32,16.1,16.15,8424968.0,16.1994,11370
2018-01-31 05:00:00,16.26,16.41,16.1738,16.35,12327111.0,16.2883,15779
2018-02-01 05:00:00,16.16,16.275,16.13,16.25,6985177.0,16.2097,11341
2018-02-02 05:00:00,16.02,16.02,15.63,15.66,17895863.0,15.7831,26422
2018-02-05 05:00:00,15.91,15.93,15.72,15.74,11728113.0,15.8253,19825
2018-02-06 05:00:00,15.75,15.7555,15.63,15.65,10021203.0,15.6918,16659
2018-02-07 05:00:00,15.53,15.5799,15.34,15.41,11937278.0,15.4689,19698
2018-02-08 05:00:00,15.52,15.535,15.41,15.46,8688875.0,15.4653,12820
2018-02-09 05:00:00,15.4,15.4,15.26,15.39,8531204.0,15.3397,15993
2018-02-12 05:00:00,15.51,15.68,15.49,15.57,10638796.0,15.5886,13631
2018-02-13 05:00:00,15.59,15.66,15.51,15.62,5358944.0,15.612,9787
2018-02-14 05:00:00,15.66,15.97,15.64,15.91,14553137.0,15.8229,18613
2018-02-15 05:00:00,15.91,15.94,15.69,15.91,9021567.0,15.8266,12075
2018-02-16 05:00:00,15.83,15.881,15.67,15.73,7210141.0,15.7746,11109
2018-02-20 05:00:00,15.69,15.725,15.49,15.54,8763820.0,15.5907,13178
2018-02-21 05:00:00,15.63,15.81,15.52,15.54,10420774.0,15.6622,13720
2018-02-22 05:00:00,15.63,15.74,15.601,15.66,5645720.0,15.6661,8006
2018-02-23 05:00:00,15.62,15.63,15.56,15.59,4306911.0,15.5919,6712
2018-02-26 05:00:00,15.67,15.69,15.55,15.68,4902406.0,15.6506,6876
2018-02-27 05:00:00,15.64,15.65,15.39,15.48,7695402.0,15.4904,11900
2018-02-28 05:00:00,15.51,15.57,15.435,15.46,4056427.0,15.4893,7101
2018-03-01 05:00:00,15.33,15.605,15.23,15.54,10568563.0,15.4158,16450
2018-03-02 05:00:00,15.61,15.6298,15.49,15.56,6299026.0,15.5546,8033
2018-03-05 05:00:00,15.49,15.51,15.42,15.49,4056353.0,15.4683,7305
2018-03-06 05:00:00,15.69,15.9,15.68,15.78,11502787.0,15.786,15034
2018-03-07 05:00:00,15.65,15.65,15.49,15.53,8255477.0,15.5538,12373
2018-03-08 05:00:00,15.55,15.57,15.49,15.55,6899867.0,15.537,9372
2018-03-09 05:00:00,15.5,15.74,15.47,15.63,7958790.0,15.6186,10016
2018-03-12 04:00:00,15.54,15.62,15.51,15.61,4990088.0,15.5603,8236
2018-03-13 04:00:00,15.63,15.68,15.53,15.61,6471074.0,15.6219,9041
2018-03-14 04:00:00,15.61,15.63,15.56,15.61,4069964.0,15.5957,6312
2018-03-15 04:00:00,15.52,15.52,15.43,15.45,5760320.0,15.4678,8463
2018-03-16 04:00:00,15.46,15.48,15.28,15.39,6681631.0,15.3629,11945
2018-03-19 04:00:00,15.36,15.42,15.31,15.39,4884310.0,15.3708,9442
2018-03-20 04:00:00,15.33,15.33,15.19,15.28,7426393.0,15.2538,12071
2018-03-21 04:00:00,15.51,15.71,15.42,15.65,12896683.0,15.5665,16776
2018-03-22 04:00:00,15.52,15.535,15.4,15.44,10591506.0,15.4626,12636
2018-03-23 04:00:00,15.68,15.71,15.57,15.58,9556160.0,15.625,13470
2018-03-26 04:00:00,15.73,15.82,15.71,15.72,8509258.0,15.7553,14369
2018-03-27 04:00:00,15.62,15.6343,15.52,15.57,9363351.0,15.5849,12838
2018-03-28 04:00:00,15.43,15.43,15.32,15.36,10915060.0,15.3629,13279
2018-03-29 04:00:00,15.31,15.43,15.3,15.41,6913080.0,15.3761,8794
2018-04-02 04:00:00,15.62,15.72,15.58,15.65,9473126.0,15.6453,14663
2018-04-03 04:00:00,15.51,15.53,15.41,15.46,5832816.0,15.4711,10508
2018-04-04 04:00:00,15.38,15.449,15.315,15.38,8229112.0,15.3674,12469
2018-04-05 04:00:00,15.28,15.48,15.27,15.45,6121521.0,15.4065,8581
2018-04-06 04:00:00,15.52,15.55,15.39,15.43,6906749.0,15.4502,10091
2018-04-09 04:00:00,15.47,15.6,15.43,15.56,6558347.0,15.5351,10173
2018-04-10 04:00:00,15.66,15.69,15.57,15.62,7259740.0,15.6411,9630
2018-04-11 04:00:00,15.67,15.9,15.65,15.69,13825047.0,15.7774,19829
2018-04-12 04:00:00,15.58,15.59,15.5,15.52,7487072.0,15.553,13373
2018-04-13 04:00:00,15.64,15.73,15.64,15.68,6159006.0,15.6873,9842
2018-04-16 04:00:00,15.77,15.81,15.69,15.72,5231234.0,15.7494,8225
2018-04-17 04:00:00,15.72,15.83,15.69,15.8,6926405.0,15.786,10279
2018-04-18 04:00:00,16.15,16.26,16.09,16.18,19800153.0,16.1876,26840
2018-04-19 04:00:00,16.27,16.35,16.1,16.26,17017048.0,16.2357,19567
2018-04-20 04:00:00,16.15,16.22,16.11,16.13,8050540.0,16.1612,9867
2018-04-23 04:00:00,15.79,15.81,15.63,15.67,15510945.0,15.7167,18200
2018-04-24 04:00:00,15.69,15.787,15.67,15.76,7465492.0,15.7447,10027
2018-04-25 04:00:00,15.62,15.64,15.554,15.61,6278606.0,15.5986,10219
2018-04-26 04:00:00,15.63,15.64,15.47,15.58,8415315.0,15.5431,11835
2018-04-27 04:00:00,15.54,15.59,15.49,15.57,5690929.0,15.5336,7989
2018-04-30 04:00:00,15.31,15.5,15.26,15.38,13944305.0,15.3729,17239
2018-05-01 04:00:00,15.3,15.315,15.12,15.24,14157649.0,15.2124,20266
2018-05-02 04:00:00,15.44,15.57,15.38,15.42,10561191.0,15.4562,16450
2018-05-03 04:00:00,15.56,15.585,15.4438,15.46,6541651.0,15.5006,10048
2018-05-04 04:00:00,15.43,15.55,15.4132,15.54,4829736.0,15.4913,8030
2018-05-07 04:00:00,15.5,15.55,15.47,15.52,3331554.0,15.5139,5589
2018-05-08 04:00:00,15.49,15.5638,15.36,15.51,9529702.0,15.4697,11701
2018-05-09 04:00:00,15.55,15.65,15.52,15.53,6852053.0,15.579,9751
2018-05-10 04:00:00,15.73,15.78,15.68,15.74,8470636.0,15.7348,13037
2018-05-11 04:00:00,15.83,15.85,15.68,15.7,6681221.0,15.7667,9616
2018-05-14 04:00:00,15.68,15.709,15.535,15.56,7360148.0,15.6276,9069
2018-05-15 04:00:00,15.32,15.36,15.26,15.33,10317359.0,15.3168,15604
2018-05-16 04:00:00,15.35,15.47,15.3154,15.41,7638150.0,15.3625,9051
2018-05-17 04:00:00,15.5,15.53,15.46,15.47,4987336.0,15.4933,7269
2018-05-18 04:00:00,15.43,15.51,15.42,15.48,3883015.0,15.467,5610
2018-05-21 04:00:00,15.53,15.56,15.46,15.54,4405101.0,15.5235,8061
2018-05-22 04:00:00,15.66,15.69,15.5523,15.58,5562559.0,15.6102,8243
2018-05-23 04:00:00,15.4,15.53,15.37,15.5,7300124.0,15.4438,11945
2018-05-24 04:00:00,15.61,15.72,15.59,15.69,7045977.0,15.6707,13367
2018-05-25 04:00:00,15.65,15.67,15.52,15.53,5169641.0,15.5683,8199
2018-05-29 04:00:00,15.42,15.505,15.39,15.44,9718176.0,15.4425,14832
2018-05-30 04:00:00,15.48,15.59,15.47,15.55,4684318.0,15.5226,7696
2018-05-31 04:00:00,15.53,15.6,15.45,15.46,5554441.0,15.5196,8499
2018-06-01 04:00:00,15.46,15.54,15.41,15.44,6197622.0,15.469,10741
2018-06-04 04:00:00,15.53,15.56,15.44,15.45,3993251.0,15.4901,6762
2018-06-05 04:00:00,15.47,15.57,15.4358,15.52,6568434.0,15.5147,8157
2018-06-06 04:00:00,15.7,15.755,15.65,15.7,8717313.0,15.7115,12065
2018-06-07 04:00:00,15.82,15.91,15.68,15.72,8920023.0,15.7957,12897
2018-06-08 04:00:00,15.82,15.83,15.7238,15.78,4128920.0,15.7726,6036
2018-06-11 04:00:00,15.88,15.955,15.88,15.94,10123533.0,15.92,18275
2018-06-12 04:00:00,15.88,15.955,15.83,15.87,6500895.0,15.883,10184
2018-06-13 04:00:00,15.97,16.11,15.825,16.08,12232487.0,15.9832,18624
2018-06-14 04:00:00,16.16,16.28,16.14,16.17,13476531.0,16.1873,18584
2018-06-15 04:00:00,15.96,15.96,15.49,15.6,24728295.0,15.69,30015
2018-06-18 04:00:00,15.56,15.5866,15.45,15.51,8991584.0,15.5169,14608
2018-06-19 04:00:00,15.37,15.42,15.331,15.36,10823333.0,15.3673,15879
2018-06-20 04:00:00,15.36,15.385,15.31,15.34,7787325.0,15.3501,11593
2018-06-21 04:00:00,15.37,15.4,15.31,15.36,7075685.0,15.3509,12487
2018-06-22 04:00:00,15.42,15.52,15.38,15.5,7711876.0,15.4529,11446
2018-06-25 04:00:00,15.39,15.4,15.33,15.37,5508723.0,15.3686,9081
2018-06-26 04:00:00,15.33,15.3675,15.29,15.33,6087096.0,15.3205,10758
2018-06-27 04:00:00,15.24,15.31,15.03,15.12,12641214.0,15.19,15687
2018-06-28 04:00:00,15.1,15.11,14.985,15.07,8801190.0,15.0432,15739
2018-06-29 04:00:00,15.08,15.22,15.04,15.15,7989953.0,15.1584,12080
2018-07-02 04:00:00,14.96,15.0,14.84,14.91,9148837.0,14.9315,14962
2018-07-03 04:00:00,15.05,15.1,15.03,15.03,4606008.0,15.0684,6840
2018-07-05 04:00:00,15.07,15.15,15.04,15.1,7141266.0,15.0928,10752
2018-07-06 04:00:00,15.06,15.1,15.03,15.08,4791656.0,15.0618,6498
2018-07-09 04:00:00,15.21,15.25,15.13,15.17,6847462.0,15.1874,10018
2018-07-10 04:00:00,15.14,15.16,15.08,15.12,4298003.0,15.1121,6640
2018-07-11 04:00:00,14.98,14.9972,14.85,14.86,10390810.0,14.9097,14371
2018-07-12 04:00:00,14.98,15.06,14.94,15.0,6968975.0,15.0063,11285
2018-07-13 04:00:00,14.88,14.945,14.82,14.88,8576821.0,14.8767,15760
2018-07-16 04:00:00,14.85,14.88,14.81,14.85,4576551.0,14.845,7434
2018-07-17 04:00:00,14.68,14.76,14.62,14.67,18090738.0,14.6764,17789
2018-07-18 04:00:00,14.55,14.66,14.5,14.63,8067458.0,14.5791,11383
2018-07-19 04:00:00,14.36,14.55,14.35,14.42,16130746.0,14.4136,20568
2018-07-20 04:00:00,14.52,14.62,14.485,14.59,10572696.0,14.5661,13585
2018-07-23 04:00:00,14.52,14.54,14.43,14.47,6381629.0,14.4815,9058
2018-07-24 04:00:00,14.59,14.68,14.54,14.58,7540267.0,14.6082,9347
2018-07-25 04:00:00,14.68,14.7,14.6005,14.68,7239993.0,14.6547,10779
2018-07-26 04:00:00,14.57,14.6448,14.48,14.49,8336083.0,14.5425,10535
2018-07-27 04:00:00,14.56,14.62,14.54,14.57,5959313.0,14.5818,7534
2018-07-30 04:00:00,14.56,14.627,14.55,14.58,3655813.0,14.5881,12763
2018-07-31 04:00:00,14.58,14.685,14.53,14.61,6939089.0,14.6161,8843
2018-08-01 04:00:00,14.55,14.56,14.47,14.48,5023772.0,14.5145,8365
2018-08-02 04:00:00,14.48,14.51,14.38,14.43,8214223.0,14.4548,8624
2018-08-03 04:00:00,14.53,14.635,14.4801,14.5,7564710.0,14.5527,8223
2018-08-06 04:00:00,14.43,14.4487,14.38,14.4,3545956.0,14.4126,5158
2018-08-07 04:00:00,14.5,14.5,14.425,14.43,4175865.0,14.4742,5328
2018-08-08 04:00:00,14.49,14.53,14.43,14.5,5084863.0,14.4824,7974
2018-08-09 04:00:00,14.53,14.587,14.5,14.52,4021425.0,14.5288,7103
2018-08-10 04:00:00,14.42,14.5136,14.38,14.41,6275432.0,14.4276,7312
2018-08-13 04:00:00,14.35,14.35,14.085,14.1,12230524.0,14.1746,16827
2018-08-14 04:00:00,14.14,14.21,14.11,14.17,5688596.0,14.1635,10081
2018-08-15 04:00:00,13.88,13.88,13.51,13.57,25279364.0,13.6465,32601
2018-08-16 04:00:00,13.79,13.95,13.77,13.77,12662755.0,13.8466,19431
2018-08-17 04:00:00,13.82,13.94,13.75,13.92,7177991.0,13.8455,10482
2018-08-20 04:00:00,13.86,13.9,13.775,13.88,6988021.0,13.8394,11161
2018-08-21 04:00:00,13.89,13.92,13.845,13.89,4004616.0,13.8878,6786
2018-08-22 04:00:00,13.89,13.91,13.82,13.88,5324549.0,13.8618,7812
2018-08-23 04:00:00,13.74,13.78,13.62,13.65,6917543.0,13.7031,10485
2018-08-24 04:00:00,13.85,13.99,13.825,13.92,8723607.0,13.9179,9288
2018-08-27 04:00:00,13.93,14.03,13.93,13.99,11768755.0,13.9869,9913
2018-08-28 04:00:00,14.02,14.05,13.79,13.84,10736783.0,13.9093,11216
2018-08-29 04:00:00,13.88,13.91,13.82,13.87,7312212.0,13.8558,8606
2018-08-30 04:00:00,13.77,13.77,13.645,13.7,9431425.0,13.7008,13282
2018-08-31 04:00:00,13.68,13.74,13.62,13.65,6536635.0,13.6707,9951
2018-09-04 04:00:00,13.23,13.325,13.171,13.31,15857206.0,13.2632,18914
2018-09-05 04:00:00,13.37,13.39,13.32,13.35,6813137.0,13.3492,10923
2018-09-06 04:00:00,13.36,13.4371,13.27,13.31,9360086.0,13.3419,9890
2018-09-07 04:00:00,13.32,13.41,13.27,13.32,7207160.0,13.3402,8695
2018-09-10 04:00:00,13.37,13.375,13.29,13.31,4393566.0,13.3353,6504
2018-09-11 04:00:00,13.21,13.31,13.11,13.28,8083200.0,13.2187,10243
2018-09-12 04:00:00,13.25,13.43,13.2341,13.39,9092622.0,13.3593,12064
2018-09-13 04:00:00,13.45,13.5,13.325,13.35,10770969.0,13.3841,11318
2018-09-14 04:00:00,13.35,13.38,13.22,13.23,7632589.0,13.2801,9394
2018-09-17 04:00:00,13.33,13.4,13.3,13.31,6851417.0,13.3484,9816
2018-09-18 04:00:00,13.34,13.37,13.251,13.31,5837172.0,13.3143,8932
2018-09-19 04:00:00,13.37,13.485,13.34,13.4,14141958.0,13.3988,12023
2018-09-20 04:00:00,13.41,13.46,13.36,13.45,9186691.0,13.42,9037
2018-09-21 04:00:00,13.34,13.5384,13.32,13.44,11081531.0,13.4486,11390
2018-09-24 04:00:00,13.44,13.53,13.41,13.41,9673676.0,13.4689,8373
2018-09-25 04:00:00,13.57,13.69,13.57,13.59,11303674.0,13.6108,11961
2018-09-26 04:00:00,13.52,13.6,13.45,13.49,10004318.0,13.5202,9513
2018-09-27 04:00:00,13.36,13.45,13.33,13.41,6534965.0,13.3932,7916
2018-09-28 04:00:00,13.63,13.84,13.62,13.73,15282451.0,13.7488,15324
2018-10-01 04:00:00,13.5332,13.65,13.51,13.62,9288800.0,13.577,10234
2018-10-02 04:00:00,13.9,14.02,13.76,13.79,20937689.0,13.8951,19170
2018-10-03 04:00:00,13.84,13.89,13.74,13.78,8549214.0,13.8168,11602
2018-10-04 04:00:00,13.85,13.87,13.66,13.71,9243538.0,13.7717,9559
2018-10-05 04:00:00,13.81,13.83,13.7,13.75,7015989.0,13.7569,9154
2018-10-08 04:00:00,13.46,13.53,13.4,13.53,9290310.0,13.4652,11545
2018-10-09 04:00:00,13.48,13.55,13.405,13.53,6392946.0,13.5092,6874
2018-10-10 04:00:00,13.49,13.5,13.385,13.45,8632798.0,13.4433,9097
2018-10-11 04:00:00,13.59,13.7466,13.555,13.67,15833042.0,13.6666,15448
2018-10-12 04:00:00,13.78,13.81,13.67,13.74,8082266.0,13.7365,9547
2018-10-15 04:00:00,13.83,13.88,13.77,13.8,6605761.0,13.829,8563
2018-10-16 04:00:00,13.91,13.93,13.76,13.78,7548933.0,13.8392,7975
2018-10-17 04:00:00,13.79,13.845,13.72,13.74,7074497.0,13.7793,6601
2018-10-18 04:00:00,13.7,13.78,13.65,13.7,6018251.0,13.7109,7106
2018-10-19 04:00:00,13.8,13.83,13.72,13.74,4864494.0,13.7637,6041
2018-10-22 04:00:00,13.69,13.7,13.64,13.68,4819901.0,13.6737,6508
2018-10-23 04:00:00,13.89,13.915,13.82,13.83,8088350.0,13.8654,7609
2018-10-24 04:00:00,13.85,13.88,13.76,13.79,6600675.0,13.811,7654
2018-10-25 04:00:00,13.77,13.79,13.71,13.74,6665147.0,13.7425,7272
2018-10-26 04:00:00,13.8,13.88,13.77,13.81,7874586.0,13.813,9196
2018-10-29 04:00:00,13.8,13.8,13.53,13.59,9773962.0,13.6418,10379
2018-10-30 04:00:00,13.57,13.63,13.56,13.61,5980385.0,13.5893,7934
2018-10-31 04:00:00,13.44,13.47,13.385,13.41,9383807.0,13.4195,11373
2018-11-01 04:00:00,13.72,13.92,13.69,13.83,11926221.0,13.8013,12975
2018-11-02 04:00:00,13.91,14.01,13.82,13.86,9784120.0,13.9001,12865
2018-11-05 05:00:00,13.77,13.83,13.72,13.76,5178578.0,13.7662,6960
2018-11-06 05:00:00,13.71,13.725,13.61,13.65,5159706.0,13.6623,7010
2018-11-07 05:00:00,13.75,13.7699,13.67,13.67,4207768.0,13.7143,6134
2018-11-08 05:00:00,13.56,13.615,13.51,13.56,5517658.0,13.5626,7233
2018-11-09 05:00:00,13.37,13.37,13.25,13.32,12229851.0,13.3099,15537
2018-11-12 05:00:00,13.22,13.22,13.15,13.17,6019019.0,13.1882,9946
2018-11-13 05:00:00,13.16,13.24,13.11,13.15,10762227.0,13.175,9476
2018-11-14 05:00:00,13.16,13.34,13.1403,13.28,11375171.0,13.2306,12858
2018-11-15 05:00:00,13.31,13.48,13.3,13.42,7407373.0,13.3855,9803
2018-11-16 05:00:00,13.52,13.55,13.47,13.53,8751009.0,13.5153,10859
2018-11-19 05:00:00,13.53,13.57,13.49,13.55,6232278.0,13.5366,10084
2018-11-20 05:00:00,13.53,13.54,13.3601,13.45,6923861.0,13.4492,9497
2018-11-21 05:00:00,13.58,13.67,13.58,13.6,5733254.0,13.6258,8717
2018-11-23 05:00:00,13.43,13.45,13.395,13.42,3310644.0,13.4207,5256
2018-11-26 05:00:00,13.43,13.46,13.36,13.39,5100037.0,13.3982,8482
2018-11-27 05:00:00,13.4,13.42,13.23,13.29,7165166.0,13.2981,9631
2018-11-28 05:00:00,13.31,13.525,13.2632,13.43,8932439.0,13.4085,12300
2018-11-29 05:00:00,13.47,13.52,13.4,13.43,6868208.0,13.4568,7285
2018-11-30 05:00:00,13.3,13.32,13.2,13.32,7261095.0,13.2651,8266
2018-12-03 05:00:00,13.63,13.65,13.48,13.49,11934689.0,13.5742,15807
2018-12-04 05:00:00,13.74,13.77,13.62,13.62,10209783.0,13.6901,15410
2018-12-06 05:00:00,13.54,13.61,13.52,13.6,6372509.0,13.5744,9616
2018-12-07 05:00:00,13.64,13.76,13.63,13.73,8447777.0,13.7069,10678
2018-12-10 05:00:00,13.63,13.71,13.6,13.65,6420839.0,13.6593,8056
2018-12-11 05:00:00,13.76,13.82,13.63,13.66,6799528.0,13.7104,8510
2018-12-12 05:00:00,13.8,13.89,13.79,13.82,7022131.0,13.8337,11324
2018-12-13 05:00:00,13.84,13.88,13.8,13.86,4870476.0,13.8509,7254
2018-12-14 05:00:00,13.62,13.735,13.6,13.7,8673745.0,13.6797,10609
2018-12-17 05:00:00,13.71,13.8056,13.68,13.77,6517309.0,13.7512,8827
2018-12-18 05:00:00,13.75,13.82,13.72,13.75,6808492.0,13.7671,8671
2018-12-19 05:00:00,13.81,13.93,13.65,13.69,16736200.0,13.7884,15093
2018-12-20 05:00:00,13.88,13.94,13.8,13.85,13577582.0,13.8727,13986
2018-12-21 05:00:00,13.82,13.84,13.71,13.74,7224373.0,13.7574,8628
2018-12-24 05:00:00,13.79,13.91,13.79,13.87,6303906.0,13.8541,8673
2018-12-26 05:00:00,14.1,14.24,14.05,14.11,15133002.0,14.1391,18633
2018-12-27 05:00:00,14.25,14.335,14.2134,14.3,13958636.0,14.2895,19631
2018-12-28 05:00:00,14.4,14.445,14.325,14.42,11445298.0,14.3961,19467
2018-12-31 05:00:00,14.42,14.56,14.41,14.52,10897178.0,14.4912,17305
2019-01-02 05:00:00,14.46,14.66,14.45,14.56,12310371.0,14.5634,16189
2019-01-03 05:00:00,14.69,14.79,14.63,14.75,12933200.0,14.7176,16688
2019-01-04 05:00:00,14.73,14.79,14.63,14.73,17854270.0,14.7202,15919
2019-01-07 05:00:00,14.76,14.78,14.66,14.67,7432298.0,14.7181,10167
2019-01-08 05:00:00,14.65,14.725,14.64,14.69,6776388.0,14.6796,7437
2019-01-09 05:00:00,14.68,14.81,14.66,14.78,11011348.0,14.7377,9952
2019-01-10 05:00:00,14.68,14.72,14.59,14.6,8700323.0,14.6602,8296
2019-01-11 05:00:00,14.62,14.7,14.595,14.64,4942187.0,14.6537,6469
2019-01-14 05:00:00,14.67,14.7,14.62,14.66,4370064.0,14.6678,5271
2019-01-15 05:00:00,14.71,14.735,14.59,14.6,15520775.0,14.6342,12640
2019-01-16 05:00:00,14.65,14.69,14.61,14.63,6583493.0,14.6356,7597
2019-01-17 05:00:00,14.55,14.6,14.51,14.57,7610069.0,14.5531,8240
2019-01-18 05:00:00,14.45,14.5,14.37,14.37,9390948.0,14.4321,11127
2019-01-22 05:00:00,14.33,14.405,14.3,14.39,8544393.0,14.3582,10634
2019-01-23 05:00:00,14.35,14.43,14.32,14.42,5687319.0,14.381,7102
2019-01-24 05:00:00,14.4,14.42,14.33,14.36,3809090.0,14.3797,6120
2019-01-25 05:00:00,14.58,14.76,14.58,14.74,10686838.0,14.6947,14314
2019-01-28 05:00:00,14.66,14.8,14.645,14.79,7751400.0,14.7446,12364
2019-01-29 05:00:00,14.88,14.91,14.835,14.88,6481678.0,14.8727,10719
2019-01-30 05:00:00,14.92,15.115,14.88,15.05,12468883.0,15.0086,15026
2019-01-31 05:00:00,15.17,15.19,15.03,15.05,8510816.0,15.108,10810
2019-02-01 05:00:00,15.05,15.08,14.91,14.92,6654222.0,14.972,8670
2019-02-04 05:00:00,14.83,14.93,14.82,14.88,5917718.0,14.8759,8007
2019-02-05 05:00:00,14.91,14.93,14.835,14.87,5944372.0,14.8693,7059
2019-02-06 05:00:00,14.85,14.8563,14.67,14.68,7820552.0,14.74,11037
2019-02-07 05:00:00,14.7,14.78,14.69,14.77,7336548.0,14.7374,9985
2019-02-08 05:00:00,14.79,14.87,14.76,14.83,5287515.0,14.8172,7409
2019-02-11 05:00:00,14.72,14.8,14.71,14.72,3485841.0,14.7364,7120
2019-02-12 05:00:00,14.75,14.76,14.7,14.73,4313993.0,14.7292,6890
2019-02-13 05:00:00,14.74,14.8384,14.58,14.59,7914490.0,14.6865,12190
2019-02-14 05:00:00,14.57,14.67,14.55,14.65,6544002.0,14.6059,11780
2019-02-15 05:00:00,14.7,14.83,14.63,14.82,6509739.0,14.7526,11727
2019-02-19 05:00:00,14.84,15.02,14.84,15.02,7941313.0,14.9581,12218
2019-02-20 05:00:00,15.07,15.21,15.03,15.07,9502291.0,15.1058,13337
2019-02-21 05:00:00,14.95,14.97,14.83,14.83,7577860.0,14.8857,9423
2019-02-22 05:00:00,14.92,14.99,14.9,14.95,4114188.0,14.943,7010
2019-02-25 05:00:00,14.97,14.99,14.861,14.9,5508534.0,14.9201,7362
2019-02-26 05:00:00,14.94,14.945,14.83,14.94,4879086.0,14.8941,7352
2019-02-27 05:00:00,14.87,14.87,14.73,14.75,6797816.0,14.7747,8664
2019-02-28 05:00:00,14.75,14.75,14.61,14.63,5919659.0,14.6691,9361
2019-03-01 05:00:00,14.49,14.55,14.2,14.2,17580512.0,14.346,20877
2019-03-04 05:00:00,14.16,14.19,14.12,14.15,9028867.0,14.1558,13150
2019-03-05 05:00:00,14.15,14.21,14.11,14.2,7148350.0,14.1696,10292
2019-03-06 05:00:00,14.17,14.17,14.11,14.15,6302720.0,14.1439,9135
2019-03-07 05:00:00,14.07,14.14,14.05,14.09,6009576.0,14.0893,8488
2019-03-08 05:00:00,14.32,14.42,14.3,14.41,8970893.0,14.3658,12966
2019-03-11 04:00:00,14.36,14.37,14.2629,14.37,6610171.0,14.3266,10540
2019-03-12 04:00:00,14.46,14.51,14.405,14.48,7795468.0,14.4642,10823
2019-03-13 04:00:00,14.51,14.545,14.48,14.51,4718885.0,14.5111,8693
2019-03-14 04:00:00,14.25,14.27,14.2,14.24,7676230.0,14.2363,11362
2019-03-15 04:00:00,14.39,14.43,14.33,14.33,5630231.0,14.3691,7603
2019-03-18 04:00:00,14.41,14.4666,14.36,14.39,4620416.0,14.4104,6994
2019-03-19 04:00:00,14.46,14.48,14.39,14.4,4290700.0,14.4313,6161
2019-03-20 04:00:00,14.45,14.59,14.32,14.54,13563070.0,14.473,13526
2019-03-21 04:00:00,14.56,14.56,14.42,14.5,8086096.0,14.4969,8826
2019-03-22 04:00:00,14.45,14.49,14.41,14.45,4447013.0,14.4527,6258
2019-03-25 04:00:00,14.54,14.61,14.52,14.56,7324612.0,14.5773,8910
2019-03-26 04:00:00,14.54,14.54,14.43,14.47,4877589.0,14.4775,7055
2019-03-27 04:00:00,14.42,14.4362,14.31,14.32,8431669.0,14.3515,9975
2019-03-28 04:00:00,14.17,14.17,14.04,14.07,15698064.0,14.1173,20401
2019-03-29 04:00:00,14.24,14.25,14.17,14.18,8460464.0,14.2086,9756
2019-04-01 04:00:00,14.24,14.25,14.14,14.15,7036881.0,14.1919,8356
2019-04-02 04:00:00,14.07,14.17,14.05,14.16,5549923.0,14.1243,7768
2019-04-03 04:00:00,14.1,14.22,14.1,14.2,7055975.0,14.1666,11358
2019-04-04 04:00:00,14.02,14.23,13.97,14.22,12111851.0,14.1101,11937
2019-04-05 04:00:00,14.21,14.24,14.13,14.17,6308969.0,14.1849,8346
2019-04-08 04:00:00,14.3,14.31,14.245,14.31,7111038.0,14.2884,7676
2019-04-09 04:00:00,14.35,14.35,14.26,14.28,5532237.0,14.3104,7593
2019-04-10 04:00:00,14.25,14.34,14.25,14.28,4843358.0,14.2907,6052
2019-04-11 04:00:00,14.12,14.165,13.97,14.02,13575691.0,14.0553,18853
2019-04-12 04:00:00,14.09,14.17,14.035,14.05,7310297.0,14.0849,7832
2019-04-15 04:00:00,13.96,14.1,13.92,14.06,10212393.0,14.0027,9586
2019-04-16 04:00:00,13.99,14.08,13.97,14.07,11775641.0,14.016,7697
2019-04-17 04:00:00,14.1,14.11,13.99,14.05,6225498.0,14.0486,6266
2019-04-18 04:00:00,14.03,14.08,14.03,14.06,5079857.0,14.0506,6966
2019-04-22 04:00:00,14.08,14.1,14.0445,14.08,5204929.0,14.0683,5172
2019-04-23 04:00:00,13.86,13.93,13.83,13.91,7054143.0,13.8802,10979
2019-04-24 04:00:00,13.92,14.05,13.92,14.0,4856989.0,13.993,7016
2019-04-25 04:00:00,14.02,14.08,13.98,14.0,4324513.0,14.0292,5298
2019-04-26 04:00:00,14.09,14.14,14.04,14.1,6323928.0,14.101,7875
2019-04-29 04:00:00,14.01,14.01,13.95,13.99,3615269.0,13.9767,5143
2019-04-30 04:00:00,13.94,14.04,13.91,14.02,6561813.0,13.9959,8377
2019-05-01 04:00:00,13.89,13.93,13.69,13.75,21701238.0,13.8074,19205
2019-05-02 04:00:00,13.72,13.75,13.65,13.71,6896142.0,13.698,7474
2019-05-03 04:00:00,13.87,14.03,13.86,13.96,11477016.0,13.9733,11541
2019-05-06 04:00:00,13.87,13.99,13.86,13.98,5917677.0,13.9348,5963
2019-05-07 04:00:00,13.95,13.9805,13.92,13.98,4725364.0,13.9574,4847
2019-05-08 04:00:00,13.96,13.98,13.89,13.89,4686850.0,13.9309,5090
2019-05-09 04:00:00,13.78,13.88,13.77,13.83,4294998.0,13.8354,5878
2019-05-10 04:00:00,13.83,13.87,13.8101,13.84,3084113.0,13.8463,3490
2019-05-13 04:00:00,13.86,13.87,13.8,13.84,5973289.0,13.8388,6989
2019-05-14 04:00:00,13.87,13.92,13.8299,13.86,7100054.0,13.8636,7681
2019-05-15 04:00:00,13.88,13.89,13.83,13.85,5351401.0,13.8569,6534
2019-05-16 04:00:00,13.81,13.82,13.6,13.65,11341608.0,13.6983,13470
2019-05-17 04:00:00,13.53,13.54,13.49,13.52,7504723.0,13.5298,10446
2019-05-20 04:00:00,13.52,13.57,13.5,13.55,4386488.0,13.5396,7553
2019-05-21 04:00:00,13.51,13.56,13.47,13.53,3969696.0,13.5178,5199
2019-05-22 04:00:00,13.55,13.58,13.52,13.54,4528120.0,13.5449,6506
2019-05-23 04:00:00,13.61,13.72,13.6,13.68,6396443.0,13.6673,6418
2019-05-24 04:00:00,13.66,13.67,13.6144,13.65,3010736.0,13.6411,4848
2019-05-28 04:00:00,13.45,13.46,13.39,13.46,9200679.0,13.425,11426
2019-05-29 04:00:00,13.55,13.57,13.49,13.52,5308994.0,13.5256,6978
2019-05-30 04:00:00,13.55,13.66,13.53,13.6,4695268.0,13.5992,5839
2019-05-31 04:00:00,13.61,13.76,13.595,13.65,8236048.0,13.6628,8954
2019-06-03 04:00:00,13.77,13.9,13.75,13.87,13206786.0,13.8239,14127
2019-06-04 04:00:00,13.83,13.92,13.79,13.89,9325958.0,13.8552,10164
2019-06-05 04:00:00,14.01,14.03,13.8301,13.88,16061084.0,13.9261,13641
2019-06-06 04:00:00,14.0,14.01,13.92,13.92,7343760.0,13.9706,9198
2019-06-07 04:00:00,14.06,14.2,14.04,14.06,15937355.0,14.1053,17476
2019-06-10 04:00:00,13.83,13.85,13.72,13.78,11276114.0,13.7904,12470
2019-06-11 04:00:00,13.78,13.865,13.77,13.81,5760889.0,13.8156,7429
2019-06-12 04:00:00,13.84,13.9,13.82,13.84,5578327.0,13.8563,6002
2019-06-13 04:00:00,13.88,13.99,13.86,13.96,6789190.0,13.9333,7724
2019-06-14 04:00:00,14.01,14.05,13.85,13.91,9711084.0,13.9637,12290
2019-06-17 04:00:00,13.97,13.97,13.88,13.9,3905757.0,13.9148,5762
2019-06-18 04:00:00,14.01,14.14,13.94,14.05,12976738.0,14.0416,17099
2019-06-19 04:00:00,14.02,14.17,13.999,14.17,13453958.0,14.0818,16444
2019-06-20 04:00:00,14.39,14.5367,14.35,14.45,21668675.0,14.4338,28873
2019-06-21 04:00:00,14.36,14.4,14.245,14.36,12708817.0,14.337,14645
2019-06-24 04:00:00,14.35,14.49,14.35,14.46,14157616.0,14.4277,17075
2019-06-25 04:00:00,14.43,14.51,14.3,14.38,24459393.0,14.4211,26309
2019-06-26 04:00:00,14.31,14.38,14.26,14.32,9171240.0,14.3355,12111
2019-06-27 04:00:00,14.22,14.29,14.2,14.28,10633628.0,14.2522,10915
2019-06-28 04:00:00,14.28,14.36,14.249,14.33,15532391.0,14.3285,12828
2019-07-01 04:00:00,14.24,14.33,14.17,14.18,10326585.0,14.241,14109
2019-07-02 04:00:00,14.14,14.32,14.12,14.29,13887102.0,14.2384,15565
2019-07-03 04:00:00,14.34,14.36,14.29,14.32,8250777.0,14.3276,8990
2019-07-05 04:00:00,14.09,14.1,13.95,14.06,17275111.0,14.0422,20809
2019-07-08 04:00:00,14.12,14.13,14.04,14.05,9461919.0,14.0859,11629
2019-07-09 04:00:00,14.09,14.17,14.045,14.14,8468362.0,14.1203,10670
2019-07-10 04:00:00,14.27,14.29,14.15,14.26,14062800.0,14.2319,16633
2019-07-11 04:00:00,14.23,14.275,14.14,14.17,8932466.0,14.2057,11562
2019-07-12 04:00:00,14.18,14.285,14.14,14.26,7983460.0,14.2165,9210
2019-07-15 04:00:00,14.29,14.43,14.28,14.42,17348939.0,14.3684,14100
2019-07-16 04:00:00,14.505,14.7,14.5,14.54,39105546.0,14.6111,30882
2019-07-17 04:00:00,14.75,14.98,14.74,14.94,27911792.0,14.8606,27217
2019-07-18 04:00:00,15.07,15.32,15.01,15.29,38318791.0,15.1503,37769
2019-07-19 04:00:00,15.4,15.54,15.0335,15.17,41873581.0,15.2422,36002
2019-07-22 04:00:00,15.3,15.39,15.28,15.35,18111290.0,15.3381,21655
2019-07-23 04:00:00,15.41,15.49,15.33,15.34,23827079.0,15.3974,22245
2019-07-24 04:00:00,15.54,15.59,15.48,15.52,15739909.0,15.5261,16635
2019-07-25 04:00:00,15.47,15.48,15.27,15.36,19998725.0,15.3943,18615
2019-07-26 04:00:00,15.42,15.43,15.2901,15.31,10282905.0,15.3536,10477
2019-07-29 04:00:00,15.36,15.43,15.3,15.4,10652840.0,15.3575,10230
2019-07-30 04:00:00,15.45,15.55,15.39,15.5,9505368.0,15.4676,11933
2019-07-31 04:00:00,15.39,15.43,15.16,15.21,28741412.0,15.3063,27169
2019-08-01 04:00:00,15.0,15.34,14.98,15.34,28690666.0,15.1742,27560
2019-08-02 04:00:00,15.09,15.274,15.08,15.19,20157537.0,15.1898,18848
2019-08-05 04:00:00,15.37,15.49,15.221,15.33,31227076.0,15.3641,27276
2019-08-06 04:00:00,15.4,15.43,15.32,15.38,12926205.0,15.3756,14525
2019-08-07 04:00:00,15.85,16.15,15.83,15.97,49867913.0,15.9708,50364
2019-08-08 04:00:00,15.78,15.99,15.74,15.89,23338167.0,15.8555,24706
2019-08-09 04:00:00,15.85,15.9673,15.7841,15.89,14846740.0,15.8859,16129
2019-08-12 04:00:00,15.86,16.07,15.84,15.99,20240610.0,15.9504,19818
2019-08-13 04:00:00,16.18,16.19,15.47,15.87,37886831.0,15.8782,40151
2019-08-14 04:00:00,16.12,16.2166,15.98,16.08,36647560.0,16.1123,31493
2019-08-15 04:00:00,16.13,16.18,16.0632,16.13,17074289.0,16.1229,18390
2019-08-16 04:00:00,16.1,16.14,15.97,16.02,16425866.0,16.0564,15297
2019-08-19 04:00:00,15.87,15.94,15.78,15.79,14622947.0,15.8493,18254
2019-08-20 04:00:00,15.91,16.09,15.91,16.05,12229814.0,16.024,14326
2019-08-21 04:00:00,15.99,16.1,15.95,16.05,12415800.0,16.0309,14176
2019-08-22 04:00:00,15.98,16.05,15.95,15.97,7015141.0,15.9879,10280
2019-08-23 04:00:00,16.04,16.36,15.98,16.35,25982990.0,16.2542,29629
2019-08-26 04:00:00,16.5,16.63,16.4499,16.52,22964253.0,16.5378,25980
2019-08-27 04:00:00,16.84,17.04,16.77,17.03,38883749.0,16.9364,46518
2019-08-28 04:00:00,17.15,17.25,17.01,17.17,30880892.0,17.1438,31462
2019-08-29 04:00:00,17.36,17.41,16.88,17.07,52544417.0,17.1514,46923
2019-08-30 04:00:00,17.09,17.26,17.0,17.15,28394821.0,17.1483,31892
2019-09-03 04:00:00,17.59,17.94,17.52,17.89,40489687.0,17.7629,41068
2019-09-04 04:00:00,18.08,18.35,18.05,18.34,34346829.0,18.1657,37745
2019-09-05 04:00:00,17.98,17.98,17.29,17.41,53330604.0,17.6178,51296
2019-09-06 04:00:00,17.49,17.59,16.8,16.87,68358114.0,17.1569,63107
2019-09-09 04:00:00,16.93,17.01,16.8,16.83,26029994.0,16.8943,26614
2019-09-10 04:00:00,16.96,17.01,16.85,16.85,22611936.0,16.9327,22386
2019-09-11 04:00:00,16.8,16.98,16.79,16.95,16979423.0,16.8986,20112
2019-09-12 04:00:00,16.98,17.11,16.85,16.92,29348651.0,16.9745,30425
2019-09-13 04:00:00,16.9,16.94,16.28,16.31,42316981.0,16.5533,39513
2019-09-16 04:00:00,16.71,16.84,16.6,16.74,21190038.0,16.7176,22842
2019-09-17 04:00:00,16.73,16.92,16.66,16.86,12810582.0,16.8115,18455
2019-09-18 04:00:00,16.75,16.84,16.38,16.55,29102321.0,16.6198,27037
2019-09-19 04:00:00,16.72,16.75,16.61,16.62,10573714.0,16.6762,13046
2019-09-20 04:00:00,16.65,16.8,16.61,16.8,14290134.0,16.6959,18986
2019-09-23 04:00:00,17.29,17.51,17.26,17.51,24268613.0,17.3627,30728
2019-09-24 04:00:00,17.2,17.46,17.07,17.44,27662436.0,17.3055,34737
2019-09-25 04:00:00,17.29,17.35,16.67,16.71,29554785.0,16.9551,35696
2019-09-26 04:00:00,16.76,16.8888,16.6342,16.67,20381052.0,16.7398,25779
2019-09-27 04:00:00,16.26,16.49,16.19,16.36,25369402.0,16.3451,30276
2019-09-30 04:00:00,16.03,16.1,15.83,15.92,29355948.0,15.9639,36167
2019-10-01 04:00:00,15.96,16.2098,15.9137,16.15,23358777.0,16.1049,24755
2019-10-02 04:00:00,16.33,16.54,16.27,16.43,21350763.0,16.4032,24904
2019-10-03 04:00:00,16.38,16.65,16.37,16.43,24527003.0,16.4953,19286
2019-10-04 04:00:00,16.3,16.46,16.25,16.41,17226394.0,16.3721,16586
2019-10-07 04:00:00,16.38,16.46,16.28,16.3,8412018.0,16.3551,10443
2019-10-08 04:00:00,16.6,16.66,16.49,16.61,19979264.0,16.5549,18490
2019-10-09 04:00:00,16.68,16.68,16.54,16.6,15513322.0,16.6048,16564
2019-10-10 04:00:00,16.47,16.49,16.29,16.37,15081948.0,16.3914,15076
2019-10-11 04:00:00,16.38,16.42,16.21,16.37,28144182.0,16.3438,22064
2019-10-14 04:00:00,16.43,16.55,16.4,16.49,10411434.0,16.4935,10427
2019-10-15 04:00:00,16.39,16.3902,16.2114,16.27,19757051.0,16.3044,15256
2019-10-16 04:00:00,16.25,16.29,16.15,16.26,15311861.0,16.2505,14308
2019-10-17 04:00:00,16.4,16.5,16.36,16.4,14245338.0,16.4204,12623
2019-10-18 04:00:00,16.38,16.445,16.35,16.41,15862010.0,16.4086,12983
2019-10-21 04:00:00,16.65,16.68,16.38,16.41,17782573.0,16.5107,14286
2019-10-22 04:00:00,16.4,16.46,16.29,16.37,12075735.0,16.3555,12966
2019-10-23 04:00:00,16.43,16.47,16.38,16.39,8540320.0,16.4203,9089
2019-10-24 04:00:00,16.61,16.69,16.5701,16.65,14953450.0,16.63,14004
2019-10-25 04:00:00,17.08,17.11,16.685,16.89,25824826.0,16.9278,22741
2019-10-28 04:00:00,16.8,16.81,16.62,16.68,13873304.0,16.6909,13247
2019-10-29 04:00:00,16.53,16.74,16.5,16.65,13722359.0,16.6354,13616
2019-10-30 04:00:00,16.68,16.73,16.44,16.73,15563711.0,16.6372,15969
2019-10-31 04:00:00,16.86,17.0,16.81,16.92,15539201.0,16.9029,18766
2019-11-01 04:00:00,16.86,16.93,16.8171,16.92,13063185.0,16.8786,14852
2019-11-04 05:00:00,16.94,16.97,16.7901,16.85,12990076.0,16.893,13486
2019-11-05 05:00:00,16.59,16.63,16.39,16.44,22623348.0,16.5033,23308
2019-11-06 05:00:00,16.43,16.5,16.39,16.47,11237972.0,16.4527,13121
2019-11-07 05:00:00,16.44,16.46,15.84,16.0,31701716.0,16.0722,31567
2019-11-08 05:00:00,15.77,15.88,15.7,15.7,20154817.0,15.7728,29787
2019-11-11 05:00:00,15.74,15.8,15.57,15.75,15008504.0,15.709,15862
2019-11-12 05:00:00,15.69,15.73,15.55,15.72,13814107.0,15.6606,15438
2019-11-13 05:00:00,15.82,15.9,15.76,15.83,12097837.0,15.8169,13511
2019-11-14 05:00:00,15.87,15.97,15.77,15.9,9141394.0,15.8947,11250
2019-11-15 05:00:00,15.81,15.9,15.79,15.85,9715041.0,15.8488,9059
2019-11-18 05:00:00,15.88,15.94,15.84,15.92,7990749.0,15.9023,10072
2019-11-19 05:00:00,15.88,16.06,15.87,16.02,8945838.0,15.9794,10890
2019-11-20 05:00:00,15.97,16.05,15.9199,16.04,11763424.0,15.9936,11360
2019-11-21 05:00:00,16.0,16.0565,15.945,15.99,8211398.0,15.9991,10401
2019-11-22 05:00:00,15.98,16.0101,15.88,15.9,7819144.0,15.9357,8084
2019-11-25 05:00:00,15.81,15.885,15.77,15.78,8823366.0,15.8256,11332
2019-11-26 05:00:00,15.82,15.99,15.72,15.99,11261963.0,15.8966,12064
2019-11-27 05:00:00,15.85,15.9,15.82,15.84,14430011.0,15.8557,9718
2019-11-29 05:00:00,15.79,15.93,15.76,15.92,6371708.0,15.8543,6219
2019-12-02 05:00:00,15.8,15.87,15.77,15.8,9184706.0,15.8131,10981
2019-12-03 05:00:00,16.02,16.08,16.0,16.05,13113183.0,16.0388,19677
2019-12-04 05:00:00,15.95,15.9501,15.7,15.76,15152019.0,15.7842,19652
2019-12-05 05:00:00,15.74,15.9,15.74,15.85,9091979.0,15.8401,11468
2019-12-06 05:00:00,15.61,15.61,15.44,15.48,19256547.0,15.5063,23477
2019-12-09 05:00:00,15.5,15.54,15.48,15.5,6761395.0,15.5102,11251
2019-12-10 05:00:00,15.59,15.62,15.52,15.57,5869536.0,15.5659,8970
2019-12-11 05:00:00,15.59,15.85,15.56,15.75,12816236.0,15.7053,13947
2019-12-12 05:00:00,15.96,15.96,15.665,15.85,15772006.0,15.776,16246
2019-12-13 05:00:00,15.78,15.86,15.74,15.84,11152487.0,15.8102,11631
2019-12-16 05:00:00,15.89,15.95,15.85,15.91,9581236.0,15.9019,9950
2019-12-17 05:00:00,15.9,15.93,15.84,15.88,5863132.0,15.8933,7558
2019-12-18 05:00:00,15.82,15.9,15.82,15.9,4459068.0,15.8675,7295
2019-12-19 05:00:00,15.87,16.0,15.8411,15.94,8034180.0,15.9311,9023
2019-12-20 05:00:00,16.07,16.12,15.96,16.04,11683207.0,16.0488,13511
2019-12-23 05:00:00,16.16,16.3042,16.16,16.28,12808741.0,16.2418,14481
2019-12-24 05:00:00,16.46,16.615,16.45,16.58,11735252.0,16.5413,12845
2019-12-26 05:00:00,16.78,16.86,16.58,16.73,16468758.0,16.7299,17076
2019-12-27 05:00:00,16.7,16.7899,16.57,16.58,12694907.0,16.6745,12862
2019-12-30 05:00:00,16.7,16.78,16.67,16.74,10857198.0,16.7371,11963
2019-12-31 05:00:00,16.77,16.81,16.64,16.68,11184531.0,16.7217,11988
2020-01-02 05:00:00,16.84,16.9,16.7507,16.81,13492427.0,16.8218,13957
2020-01-03 05:00:00,16.92,16.95,16.8,16.84,13528880.0,16.8879,15499
2020-01-06 05:00:00,17.17,17.18,16.8201,16.94,18069216.0,16.9946,18155
2020-01-07 05:00:00,16.98,17.21,16.93,17.17,16001211.0,17.1056,18394
2020-01-08 05:00:00,17.16,17.1885,16.86,16.93,29947704.0,16.9859,23376
2020-01-09 05:00:00,16.72,16.76,16.62,16.72,14807326.0,16.7181,15692
2020-01-10 05:00:00,16.8,16.9566,16.78,16.89,9406627.0,16.8888,10548
2020-01-13 05:00:00,16.84,16.85,16.73,16.78,10658665.0,16.7959,10699
2020-01-14 05:00:00,16.6,16.68,16.54,16.62,12185319.0,16.6138,12379
2020-01-15 05:00:00,16.73,16.85,16.705,16.81,10948914.0,16.7728,12295
2020-01-16 05:00:00,16.78,16.825,16.72,16.77,8376483.0,16.7642,8115
2020-01-17 05:00:00,16.83,16.89,16.74,16.82,12339229.0,16.8324,13437
2020-01-21 05:00:00,16.5,16.71,16.46,16.64,13645125.0,16.5953,14630
2020-01-22 05:00:00,16.71,16.75,16.62,16.66,7441784.0,16.6703,8093
2020-01-23 05:00:00,16.58,16.69,16.56,16.61,10803413.0,16.6247,9649
2020-01-24 05:00:00,16.69,16.95,16.675,16.91,16075049.0,16.8532,18117
2020-01-27 05:00:00,17.04,17.06,16.84,16.89,11885598.0,16.9495,13966
2020-01-28 05:00:00,16.58,16.605,16.28,16.32,27626330.0,16.426,25550
2020-01-29 05:00:00,16.28,16.43,16.27,16.41,9629913.0,16.3461,11412
2020-01-30 05:00:00,16.73,16.85,16.59,16.68,22673756.0,16.7247,20831
2020-01-31 05:00:00,16.69,16.9,16.68,16.82,17223371.0,16.8192,18599
2020-02-03 05:00:00,16.61,16.6161,16.43,16.5,17770561.0,16.5033,17750
2020-02-04 05:00:00,16.52,16.5399,16.3642,16.45,13522262.0,16.4353,14515
2020-02-05 05:00:00,16.45,16.4811,16.39,16.46,8713851.0,16.4494,9174
2020-02-06 05:00:00,16.65,16.66,16.55,16.63,10583480.0,16.6252,10938
2020-02-07 05:00:00,16.61,16.64,16.47,16.54,11066421.0,16.5387,10475
2020-02-10 05:00:00,16.59,16.66,16.54,16.61,7382747.0,16.6123,8089
2020-02-11 05:00:00,16.54,16.55,16.4,16.48,10832680.0,16.473,12394
2020-02-12 05:00:00,16.35,16.4,16.3,16.33,10358679.0,16.3416,12419
2020-02-13 05:00:00,16.53,16.55,16.45,16.46,7589232.0,16.4946,8281
2020-02-14 05:00:00,16.61,16.616,16.54,16.56,8611213.0,16.5776,9690
2020-02-18 05:00:00,16.78,17.02,16.73,17.01,18508009.0,16.9145,22025
2020-02-19 05:00:00,17.04,17.24,16.99,17.23,16491213.0,17.0915,17227
2020-02-20 05:00:00,17.09,17.2,17.07,17.14,13454324.0,17.1432,14820
2020-02-21 05:00:00,17.27,17.41,17.24,17.28,18341673.0,17.3126,22199
2020-02-24 05:00:00,17.56,17.69,17.3,17.4,29339006.0,17.5058,32818
2020-02-25 05:00:00,17.13,17.2,16.665,16.71,42614665.0,16.9978,36793
2020-02-26 05:00:00,16.7,16.8199,16.6,16.68,22378768.0,16.7235,20871
2020-02-27 05:00:00,16.79,16.84,16.45,16.47,40098566.0,16.6115,36719
2020-02-28 05:00:00,15.89,15.89,15.28,15.53,68672694.0,15.603,60629
2020-03-02 05:00:00,15.61,15.7093,15.53,15.56,29297880.0,15.6271,26025
2020-03-03 05:00:00,15.73,16.31,15.7,16.02,51453112.0,16.0191,43267
2020-03-04 05:00:00,16.01,16.105,15.94,16.09,15904610.0,16.0275,15688
2020-03-05 05:00:00,16.12,16.3,16.1,16.3,16083992.0,16.2034,18171
2020-03-06 05:00:00,16.24,16.26,15.89,16.18,27540452.0,16.093,25981
2020-03-09 04:00:00,15.78,15.95,15.63,15.88,34388951.0,15.7895,32982
2020-03-10 04:00:00,15.88,15.89,15.685,15.73,26387324.0,15.7914,26326
2020-03-11 04:00:00,15.8,15.86,15.55,15.63,26575224.0,15.7007,22450
2020-03-12 04:00:00,15.0,15.125,14.4835,14.62,60548668.0,14.8325,60678
2020-03-13 04:00:00,14.67,14.69,13.47,13.69,66735961.0,13.9487,65905
2020-03-16 04:00:00,11.83,12.41,11.675,12.0,56056818.0,12.0986,66630
2020-03-17 04:00:00,11.64,12.38,11.52,11.88,55691236.0,11.8384,66871
2020-03-18 04:00:00,11.44,11.62,10.86,11.21,63234614.0,11.2379,63907
2020-03-19 04:00:00,11.34,11.44,11.04,11.32,52642205.0,11.2835,48924
2020-03-20 04:00:00,11.72,11.925,11.5201,11.62,41231773.0,11.7108,46451
2020-03-23 04:00:00,11.97,12.39,11.87,12.31,47133090.0,12.1216,56888
2020-03-24 04:00:00,13.23,13.38,12.87,13.29,41209447.0,13.13,63165
2020-03-25 04:00:00,13.26,13.6499,13.19,13.51,40503419.0,13.3909,49951
2020-03-26 04:00:00,13.59,13.71,13.35,13.53,35076445.0,13.5237,43478
2020-03-27 04:00:00,13.51,13.53,13.29,13.44,19555558.0,13.4158,24705
2020-03-30 04:00:00,13.06,13.27,12.88,13.16,26617549.0,13.081,32012
2020-03-31 04:00:00,13.12,13.32,12.95,13.05,23214822.0,13.118,28361
2020-04-01 04:00:00,13.0,13.14,12.87,13.02,17824215.0,13.0116,21489
2020-04-02 04:00:00,13.42,13.5902,13.345,13.53,20635356.0,13.485,24606
2020-04-03 04:00:00,13.48,13.5401,13.33,13.46,15810613.0,13.4278,19109
2020-04-06 04:00:00,13.57,14.09,13.47,14.03,33922460.0,13.8371,46524
2020-04-07 04:00:00,14.21,14.23,13.87,13.99,22812226.0,14.0687,32669
2020-04-08 04:00:00,14.03,14.075,13.87,13.94,14213736.0,13.9718,16758
2020-04-09 04:00:00,14.31,14.519,14.185,14.34,30312880.0,14.345,48167
2020-04-13 04:00:00,14.19,14.49,14.13,14.4,19793734.0,14.34,33833
2020-04-14 04:00:00,14.58,14.795,14.46,14.65,25722507.0,14.6771,40496
2020-04-15 04:00:00,14.49,14.5,14.25,14.49,18239744.0,14.4077,27353
2020-04-16 04:00:00,14.37,14.51,14.18,14.51,19663949.0,14.3837,29267
2020-04-17 04:00:00,14.27,14.31,14.07,14.15,17462355.0,14.1529,26306
2020-04-20 04:00:00,14.2,14.4,14.19,14.26,18226835.0,14.275,23876
2020-04-21 04:00:00,13.66,13.915,13.55,13.88,24274267.0,13.7554,39298
2020-04-22 04:00:00,14.01,14.14,13.925,14.09,19268559.0,14.0427,25432
2020-04-23 04:00:00,14.25,14.41,14.085,14.21,21764503.0,14.2585,32433
2020-04-24 04:00:00,14.28,14.325,14.01,14.21,15131773.0,14.149,23991
2020-04-27 04:00:00,14.21,14.23,14.01,14.21,11423497.0,14.1533,18587
2020-04-28 04:00:00,14.19,14.19,13.97,14.1,11221280.0,14.0626,20752
2020-04-29 04:00:00,14.18,14.36,14.07,14.28,16889543.0,14.2051,24511
2020-04-30 04:00:00,14.07,14.17,13.76,13.98,26829126.0,13.9814,36290
2020-05-01 04:00:00,13.9,14.02,13.75,13.92,16724413.0,13.919,23061
2020-05-04 04:00:00,13.81,13.88,13.73,13.77,17912764.0,13.8027,26875
2020-05-05 04:00:00,13.92,14.03,13.82,13.93,16678428.0,13.9295,23409
2020-05-06 04:00:00,13.95,14.0,13.88,13.92,10596021.0,13.9395,16432
2020-05-07 04:00:00,14.06,14.4,14.0301,14.26,37394798.0,14.2465,44175
2020-05-08 04:00:00,14.36,14.6,14.35,14.44,31544344.0,14.4526,41451
2020-05-11 04:00:00,14.5,14.52,14.31,14.44,18529392.0,14.3979,26422
2020-05-12 04:00:00,14.51,14.58,14.39,14.42,19816586.0,14.4806,28335
2020-05-13 04:00:00,14.45,14.57,14.38,14.55,19797917.0,14.4586,24977
2020-05-14 04:00:00,14.49,14.83,14.47,14.81,33095802.0,14.7018,43077
2020-05-15 04:00:00,15.42,15.61,15.24,15.51,54736203.0,15.4361,72263
2020-05-18 04:00:00,15.95,16.04,15.74,15.79,48124290.0,15.9084,69065
2020-05-19 04:00:00,16.15,16.32,16.075,16.17,48516914.0,16.2028,61925
2020-05-20 04:00:00,16.27,16.445,16.21,16.36,39047948.0,16.3192,49746
2020-05-21 04:00:00,16.13,16.15,15.71,15.96,37580259.0,15.9112,50921
2020-05-22 04:00:00,15.96,16.09,15.915,16.04,25203359.0,16.0063,30103
2020-05-26 04:00:00,16.28,16.28,15.86,15.97,30607218.0,16.0374,39471
2020-05-27 04:00:00,15.75,16.2,15.72,16.15,36108970.0,16.0231,46585
2020-05-28 04:00:00,16.24,16.3361,16.1,16.19,30255738.0,16.2141,32384
2020-05-29 04:00:00,16.55,16.7,16.49,16.66,42255863.0,16.6045,56607
2020-06-01 04:00:00,16.86,17.1,16.83,17.1,31283169.0,16.9873,44820
2020-06-02 04:00:00,17.06,17.07,16.57,16.84,32202592.0,16.8043,48739
2020-06-03 04:00:00,16.5,16.56,16.27,16.48,36302865.0,16.4611,53729
2020-06-04 04:00:00,16.54,16.6389,16.36,16.54,20272495.0,16.5186,28344
2020-06-05 04:00:00,16.18,16.23,16.04,16.2,27360385.0,16.1584,39175
2020-06-08 04:00:00,16.35,16.6,16.275,16.59,25594822.0,16.4234,32687
2020-06-09 04:00:00,16.43,16.57,16.3617,16.42,18582710.0,16.462,22012
2020-06-10 04:00:00,16.7,16.96,16.3601,16.96,40556950.0,16.7037,51172
2020-06-11 04:00:00,16.75,16.88,16.28,16.44,41000093.0,16.5792,50095
2020-06-12 04:00:00,16.44,16.55,16.21,16.28,31220554.0,16.3435,39587
2020-06-15 04:00:00,15.87,16.28,15.79,16.23,28946327.0,16.0539,38112
2020-06-16 04:00:00,16.2,16.38,16.18,16.26,23368015.0,16.2775,30900
2020-06-17 04:00:00,16.34,16.41,16.245,16.33,13485680.0,16.3295,16823
2020-06-18 04:00:00,16.2,16.255,16.12,16.21,15444939.0,16.2002,19740
2020-06-19 04:00:00,16.43,16.6,16.36,16.49,26968822.0,16.4811,33332
2020-06-22 04:00:00,16.72,16.81,16.46,16.5,26625376.0,16.6438,31328
2020-06-23 04:00:00,16.73,16.77,16.64,16.76,25742469.0,16.7239,29594
2020-06-24 04:00:00,16.36,16.62,16.24,16.28,25976497.0,16.3948,36423
2020-06-25 04:00:00,16.5,16.61,16.41,16.59,16699833.0,16.5256,23559
2020-06-26 04:00:00,16.49,16.735,16.29,16.63,26029207.0,16.5381,34197
2020-06-29 04:00:00,16.58,16.66,16.49,16.65,13861902.0,16.5889,17611
2020-06-30 04:00:00,16.65,17.01,16.65,17.01,37872863.0,16.8965,44765
2020-07-01 04:00:00,17.01,17.03,16.615,16.82,36577144.0,16.7849,44201
2020-07-02 04:00:00,16.7,16.89,16.671,16.71,18564074.0,16.7716,26350
2020-07-06 04:00:00,17.08,17.16,16.95,17.05,24977639.0,17.0436,32758
2020-07-07 04:00:00,16.93,17.1197,16.92,17.01,25945181.0,17.0306,29759
2020-07-08 04:00:00,17.33,17.49,17.3,17.49,37782447.0,17.421,52644
2020-07-09 04:00:00,17.7,17.74,17.2233,17.38,40376175.0,17.4769,56481
2020-07-10 04:00:00,17.49,17.53,17.3,17.43,20454508.0,17.4034,27440
2020-07-13 04:00:00,17.99,18.08,17.71,17.73,49876286.0,17.9163,64920
2020-07-14 04:00:00,17.71,18.0,17.67,17.97,35495226.0,17.8353,40590
2020-07-15 04:00:00,17.89,18.17,17.83,18.17,36148454.0,18.0291,43665
2020-07-16 04:00:00,17.98,18.06,17.78,17.78,29566988.0,17.9226,36062
2020-07-17 04:00:00,17.98,18.07,17.89,18.01,34200144.0,18.0028,36483
2020-07-20 04:00:00,18.36,18.57,18.23,18.53,41717147.0,18.4338,56929
2020-07-21 04:00:00,19.52,19.88,19.42,19.67,76947267.0,19.667,105757
2020-07-22 04:00:00,20.65,21.45,20.51,21.44,125780305.0,20.996,189076
2020-07-23 04:00:00,21.1,21.51,20.72,21.03,95257090.0,21.104,138792
2020-07-24 04:00:00,21.34,21.36,20.93,21.21,49831674.0,21.1779,75762
2020-07-27 04:00:00,22.56,22.85,22.42,22.83,94894562.0,22.6519,156328
2020-07-28 04:00:00,22.31,22.97,22.07,22.77,94721847.0,22.5816,164375
2020-07-29 04:00:00,22.68,23.25,21.71,22.57,83963383.0,22.5462,147035
2020-07-30 04:00:00,21.7,22.01,21.4,21.76,60066524.0,21.6824,106644
2020-07-31 04:00:00,22.21,22.67,22.11,22.65,49164095.0,22.4265,83990
2020-08-03 04:00:00,22.59,22.775,22.38,22.74,40947457.0,22.6098,65597
2020-08-04 04:00:00,22.7,24.25,22.62,24.25,75735420.0,23.6331,161885
2020-08-05 04:00:00,25.12,25.28,24.61,25.05,92854818.0,25.0347,184437
2020-08-06 04:00:00,26.31,26.9,25.88,26.88,108854556.0,26.3797,209419
2020-08-07 04:00:00,26.28,26.375,25.48,26.19,123705151.0,25.9938,241108
2020-08-10 04:00:00,26.59,27.39,26.57,27.0,81732464.0,26.9738,167979
2020-08-11 04:00:00,25.23,25.52,23.055,23.33,165630254.0,24.3663,358701
2020-08-12 04:00:00,24.15,24.42,23.39,23.42,80902871.0,23.9443,167422
2020-08-13 04:00:00,24.65,25.81,24.57,25.45,95485033.0,25.1336,198867
2020-08-14 04:00:00,25.11,25.23,23.975,24.58,73263636.0,24.6236,131729
2020-08-17 04:00:00,25.48,25.67,25.24,25.62,49360446.0,25.5005,98137
2020-08-18 04:00:00,26.42,26.485,25.23,25.88,58275786.0,25.9643,149653
2020-08-19 04:00:00,25.94,26.0499,24.7,24.88,72926352.0,25.3196,162724
2020-08-20 04:00:00,24.93,25.64,24.88,25.61,43984005.0,25.3096,85708
2020-08-21 04:00:00,24.87,25.02,24.42,24.9,55295523.0,24.7674,103379
2020-08-24 04:00:00,25.08,25.1,24.52,24.6,37090414.0,24.7538,74569
2020-08-25 04:00:00,24.73,24.77,24.26,24.76,34800076.0,24.561,72318
2020-08-26 04:00:00,24.63,25.57,24.61,25.57,55145544.0,25.2373,106814
2020-08-27 04:00:00,25.89,25.9,24.68,25.16,63820728.0,25.1647,124565
2020-08-28 04:00:00,25.61,25.81,25.47,25.61,35855803.0,25.6333,76739
2020-08-31 04:00:00,26.04,26.42,25.95,26.23,36721088.0,26.2164,84084
2020-09-01 04:00:00,26.73,26.75,25.67,26.14,49242742.0,26.3385,104393
2020-09-02 04:00:00,25.72,25.73,25.2,25.55,43040972.0,25.4788,91266
2020-09-03 04:00:00,25.39,25.51,24.6427,24.74,64081577.0,24.9539,135396
2020-09-04 04:00:00,24.85,25.14,24.47,25.06,48439271.0,24.7793,96634
2020-09-08 04:00:00,24.44,25.09,24.05,24.75,44508487.0,24.6169,91024
2020-09-09 04:00:00,24.98,25.25,24.88,25.18,28197157.0,25.0632,52012
2020-09-10 04:00:00,25.53,25.57,24.84,24.86,47518581.0,25.1952,77987
2020-09-11 04:00:00,25.03,25.17,24.731,24.9,27839252.0,24.9681,48357
2020-09-14 04:00:00,25.13,25.42,25.13,25.29,26044330.0,25.2959,43966
2020-09-15 04:00:00,25.44,25.5,25.135,25.23,26323690.0,25.2889,45471
2020-09-16 04:00:00,25.46,25.54,25.0,25.23,36351718.0,25.3222,58518
2020-09-17 04:00:00,24.65,25.24,24.51,25.23,28618638.0,24.9682,50454
2020-09-18 04:00:00,24.98,25.26,24.92,24.93,23915525.0,25.043,44366
2020-09-21 04:00:00,24.2,24.34,22.06,23.03,99141370.0,23.0653,216272
2020-09-22 04:00:00,22.81,22.98,22.46,22.79,32002298.0,22.7209,61934
2020-09-23 04:00:00,21.93,22.07,21.02,21.17,98246394.0,21.4359,169110
2020-09-24 04:00:00,20.58,21.73,20.45,21.56,72092999.0,21.131,129614
2020-09-25 04:00:00,21.16,21.535,21.11,21.3,34913054.0,21.3603,51830
2020-09-28 04:00:00,21.7255,22.08,21.5,22.02,31756787.0,21.813,54840
2020-09-29 04:00:00,22.24,22.71,22.165,22.5,33384078.0,22.4259,65226
2020-09-30 04:00:00,22.27,22.38,21.53,21.64,43717724.0,21.9621,80671
2020-10-01 04:00:00,22.01,22.5,21.76,22.09,35290691.0,22.1991,69532
2020-10-02 04:00:00,22.25,22.52,22.04,22.13,25735108.0,22.2473,47224
2020-10-05 04:00:00,22.32,22.81,22.3,22.62,22288136.0,22.6168,43957
2020-10-06 04:00:00,22.62,22.73,21.6211,21.73,31901987.0,22.1193,71307
2020-10-07 04:00:00,21.98,22.32,21.89,22.09,18967293.0,22.0938,42029
2020-10-08 04:00:00,22.39,22.53,22.01,22.18,20342223.0,22.2267,36290
2020-10-09 04:00:00,22.8,23.42,22.77,23.41,39187409.0,23.1031,70377
2020-10-12 04:00:00,23.34,23.5,23.06,23.33,25221686.0,23.3348,49542
2020-10-13 04:00:00,22.7,22.7,22.27,22.49,42797010.0,22.4979,75651
2020-10-14 04:00:00,22.8,22.92,22.47,22.54,26426435.0,22.6524,42937
2020-10-15 04:00:00,22.05,22.62,22.0,22.59,24000853.0,22.3538,44184
2020-10-16 04:00:00,22.7599,22.81,22.42,22.42,19144083.0,22.5823,39138
2020-10-19 04:00:00,23.04,23.0702,22.515,22.58,25444639.0,22.8061,47980
2020-10-20 04:00:00,22.86,23.19,22.81,23.02,26084727.0,23.0119,45960
2020-10-21 04:00:00,23.31,23.53,23.17,23.29,23803599.0,23.3589,47473
2020-10-22 04:00:00,23.05,23.09,22.67,22.96,19961828.0,22.8875,40161
2020-10-23 04:00:00,23.02,23.025,22.7,22.94,18613952.0,22.8548,31082
2020-10-26 04:00:00,22.66,22.81,22.515,22.61,17609231.0,22.65,37902
2020-10-27 04:00:00,22.61,22.8,22.51,22.73,15354680.0,22.6981,27711
2020-10-28 04:00:00,21.82,21.8781,21.42,21.78,38142201.0,21.7002,72142
2020-10-29 04:00:00,21.29,21.94,21.27,21.71,23123461.0,21.6286,45082
2020-10-30 04:00:00,22.04,22.115,21.78,21.99,22128965.0,21.9455,46406
2020-11-02 05:00:00,22.27,22.44,22.09,22.41,18598974.0,22.2988,37273
2020-11-03 05:00:00,22.63,22.65,22.38,22.44,18195985.0,22.5158,33471
2020-11-04 05:00:00,22.35,22.5,22.1,22.24,31130600.0,22.2615,47178
2020-11-05 05:00:00,23.02,23.66,23.0,23.61,57395789.0,23.3592,96182
2020-11-06 05:00:00,23.92,23.96,23.4838,23.79,32804488.0,23.7302,58106
2020-11-09 05:00:00,22.78,22.79,21.92,22.5,70211984.0,22.3501,115723
2020-11-10 05:00:00,22.62,22.78,22.4,22.43,25237858.0,22.5908,44623
2020-11-11 05:00:00,22.23,22.58,22.2,22.52,17925553.0,22.4642,30127
2020-11-12 05:00:00,22.54,22.695,22.495,22.55,14173290.0,22.588,25253
2020-11-13 05:00:00,23.04,23.085,22.88,22.9,15646722.0,22.9481,30276
2020-11-16 05:00:00,22.87,23.1,22.815,23.02,19862944.0,22.9409,34844
2020-11-17 05:00:00,22.85,22.9,22.65,22.74,15381544.0,22.8009,31021
2020-11-18 05:00:00,22.72,22.9781,22.54,22.55,16177187.0,22.7088,34037
2020-11-19 05:00:00,22.12,22.445,22.075,22.42,14985349.0,22.2636,32265
2020-11-20 05:00:00,22.71,22.8059,22.47,22.49,15531899.0,22.6197,31056
2020-11-23 05:00:00,22.36,22.37,21.78,21.93,30528434.0,21.96,52758
2020-11-24 05:00:00,21.5,21.69,21.41,21.63,31397039.0,21.5544,51703
2020-11-25 05:00:00,21.72,21.85,21.64,21.72,13571301.0,21.7274,25248
2020-11-27 05:00:00,20.95,21.167573,20.91,21.05,19804419.0,21.0396,41157
2020-11-30 05:00:00,20.67,21.09,20.6,21.05,20579982.0,20.8553,47321
2020-12-01 05:00:00,21.93,22.37,21.8505,22.3,32968947.0,22.1182,61311
2020-12-02 05:00:00,22.095,22.3892,21.98,22.33,19383721.0,22.2222,34099
2020-12-03 05:00:00,22.34,22.44,22.07,22.43,18680410.0,22.2882,33614
2020-12-04 05:00:00,22.41,22.59,22.25,22.48,20904032.0,22.4245,32914
2020-12-07 05:00:00,22.2587,23.04,22.25,22.82,28112494.0,22.7827,48077
2020-12-08 05:00:00,22.92,23.12,22.73,22.82,16554581.0,22.8854,29261
2020-12-09 05:00:00,22.54,22.57,21.93,22.23,31349888.0,22.2693,49049
2020-12-10 05:00:00,22.38,22.58,22.185,22.32,13565722.0,22.3437,25251
2020-12-11 05:00:00,22.23,22.43,22.19,22.26,10761984.0,22.3031,20541
2020-12-14 05:00:00,22.35,22.53,22.12,22.16,16111135.0,22.2937,27269
2020-12-15 05:00:00,22.66,22.83,22.6,22.8,17286682.0,22.7318,30141
2020-12-16 05:00:00,23.22,23.65,22.96,23.62,45978796.0,23.2948,71413
2020-12-17 05:00:00,24.085,24.27,23.95,24.15,39546231.0,24.1379,65351
2020-12-18 05:00:00,24.02,24.13,23.865,23.96,29676306.0,24.0059,46913
2020-12-21 05:00:00,24.1155,24.5,24.1,24.38,44728936.0,24.3355,63896
2020-12-22 05:00:00,24.02,24.13,23.31,23.43,42312179.0,23.6332,64110
2020-12-23 05:00:00,23.7,23.98,23.68,23.8,24702531.0,23.8213,34879
2020-12-24 05:00:00,23.72,24.028,23.68,23.96,10558562.0,23.9254,17987
2020-12-28 05:00:00,24.67,24.84,24.365,24.43,29575639.0,24.568,50583
2020-12-29 05:00:00,24.36,24.53,24.11,24.39,23871452.0,24.3249,41242
2020-12-30 05:00:00,24.42,24.77,24.37,24.76,18836154.0,24.5821,38970
2020-12-31 05:00:00,24.61,24.725,24.37,24.57,24639739.0,24.5556,41130
2021-01-04 05:00:00,25.54,25.61,24.865,25.35,54025957.0,25.3308,87843
2021-01-05 05:00:00,25.46,25.74,25.28,25.67,32882000.0,25.5113,58921
2021-01-06 05:00:00,25.34,25.4,24.72,25.34,54978682.0,25.1447,95119
2021-01-07 05:00:00,25.22,25.37,25.05,25.26,27335818.0,25.216,47736
2021-01-08 05:00:00,24.73,24.759,22.74,23.51,107226827.0,23.602,202173
2021-01-11 05:00:00,22.95,23.49,22.92,23.21,42427400.0,23.2898,70995
2021-01-12 05:00:00,23.55,23.825,23.375,23.72,28423083.0,23.6056,52401
2021-01-13 05:00:00,23.58,23.74,23.38,23.44,23619522.0,23.5982,38927
2021-01-14 05:00:00,23.61,24.07,23.59,23.71,35838279.0,23.7858,52650
2021-01-15 05:00:00,23.17,23.36,22.835,22.95,41576436.0,23.0228,70573
2021-01-19 05:00:00,23.48,23.52,23.22,23.38,26077138.0,23.388,43745
2021-01-20 05:00:00,23.65,24.05,23.62,24.01,26653484.0,23.8808,47431
2021-01-21 05:00:00,24.01,24.21,23.84,24.15,19598368.0,24.0085,33974
2021-01-22 05:00:00,23.515,23.775,23.38,23.66,19320586.0,23.6403,35360
2021-01-25 05:00:00,23.84,23.89,23.37,23.55,22030502.0,23.5906,37795
2021-01-26 05:00:00,23.65,23.83,23.55,23.65,13923919.0,23.6878,25329
2021-01-27 05:00:00,23.335,23.6181,22.94,23.42,36774382.0,23.3434,60836
2021-01-28 05:00:00,24.53,25.1,23.83,24.72,152066890.0,24.4863,319023
2021-01-29 05:00:00,25.31,25.48,24.775,24.99,113552022.0,25.1779,268626
2021-02-01 05:00:00,27.76,27.98,26.1,26.76,280615006.0,27.1355,853571
2021-02-02 05:00:00,25.54,25.55,24.4101,24.54,124327428.0,24.9588,318448
2021-02-03 05:00:00,25.0,25.1,24.79,24.93,54593279.0,24.9294,106955
2021-02-04 05:00:00,24.38,24.5389,24.06,24.48,51529188.0,24.326,110754
2021-02-05 05:00:00,24.7401,25.14,24.6501,24.95,33704042.0,24.9089,74993
2021-02-08 05:00:00,25.51,25.63,25.37,25.39,40683245.0,25.494,98115
2021-02-09 05:00:00,25.5647,25.62,25.14,25.28,31182512.0,25.3847,74723
2021-02-10 05:00:00,25.44,25.4641,24.9101,25.07,36120078.0,25.1623,68035
2021-02-11 05:00:00,25.26,25.3399,24.91,25.09,29925514.0,25.1102,54089
2021-02-12 05:00:00,25.13,25.4881,25.05,25.31,24872361.0,25.3042,49004
2021-02-16 05:00:00,25.155,25.7,25.05,25.26,45946633.0,25.3359,74692
2021-02-17 05:00:00,25.16,25.435,24.93,25.4,32372698.0,25.2501,58295
2021-02-18 05:00:00,25.23,25.38,24.95,25.06,22250874.0,25.1165,46736
2021-02-19 05:00:00,25.4199,25.62,25.2,25.26,39603389.0,25.3867,70561
2021-02-22 05:00:00,25.49,26.28,25.43,26.27,55307690.0,25.9007,95350
2021-02-23 05:00:00,25.8301,25.85,25.29,25.71,40191364.0,25.6196,73266
2021-02-24 05:00:00,25.48,25.97,25.365,25.94,24093135.0,25.7183,51771
2021-02-25 05:00:00,25.81,26.02,25.4,25.4,38673987.0,25.64,83548
2021-02-26 05:00:00,24.9999,25.0111,24.27,24.66,54587116.0,24.5993,113657
2021-03-01 05:00:00,24.96,25.0404,24.545,24.6,35637542.0,24.8072,61672
2021-03-02 05:00:00,24.5,24.99,24.4401,24.8,29101947.0,24.6873,51887
2021-03-03 05:00:00,24.31,24.605,23.99,24.28,41733432.0,24.3092,65441
2021-03-04 05:00:00,24.11,24.43,23.265,23.56,63992607.0,23.8459,98516
2021-03-05 05:00:00,23.59,23.59,23.05,23.36,30560468.0,23.3559,64746
2021-03-08 05:00:00,23.43,23.57,23.28,23.32,18703120.0,23.3896,41658
2021-03-09 05:00:00,24.04,24.265,24.0129,24.05,29023990.0,24.1121,45146
2021-03-10 05:00:00,24.18,24.35,24.03,24.32,20388751.0,24.1955,34762
2021-03-11 05:00:00,24.18,24.33,23.98,24.25,23587844.0,24.1948,35837
2021-03-12 05:00:00,23.64,24.0789,23.57,24.03,23409766.0,23.8714,37994
2021-03-15 04:00:00,24.27,24.41,24.13,24.33,21947786.0,24.3057,35110
2021-03-16 04:00:00,24.07,24.28,23.98,24.1,19951239.0,24.09,31071
2021-03-17 04:00:00,24.12,24.625,24.04,24.42,45692554.0,24.3381,55838
2021-03-18 04:00:00,24.0,24.47,23.99,24.1,40337684.0,24.2011,51824
2021-03-19 04:00:00,24.26,24.379,24.12,24.31,22871475.0,24.2874,31540
2021-03-22 04:00:00,23.79,23.955,23.711,23.94,23780961.0,23.8519,35126
2021-03-23 04:00:00,23.49,23.54,23.21,23.22,28806840.0,23.3735,43907
2021-03-24 04:00:00,23.47,23.5099,23.22,23.24,18289619.0,23.3728,30228
2021-03-25 04:00:00,23.075,23.38,23.0289,23.29,29613102.0,23.1924,42927
2021-03-26 04:00:00,23.2,23.31,23.09,23.23,14587610.0,23.2067,25950
2021-03-29 04:00:00,23.09,23.14,22.6993,22.91,27664905.0,22.8782,39693
2021-03-30 04:00:00,22.4399,22.4895,22.1301,22.26,31973568.0,22.3229,58710
2021-03-31 04:00:00,22.31,22.76,22.26,22.7,24331337.0,22.5695,43010
2021-04-01 04:00:00,22.87,23.15,22.8,23.15,21555372.0,22.9699,39702
2021-04-05 04:00:00,23.04,23.2,22.89,23.09,13959604.0,23.0363,29234
2021-04-06 04:00:00,23.28,23.48,23.2501,23.34,18963126.0,23.3671,29920
2021-04-07 04:00:00,23.25,23.47,23.2,23.33,12932742.0,23.3475,22245
2021-04-08 04:00:00,23.68,23.78,23.58,23.62,16756092.0,23.6624,28369
2021-04-09 04:00:00,23.29,23.485,23.25,23.41,15692794.0,23.4158,25185
2021-04-12 04:00:00,23.28,23.32,22.93,23.04,22788371.0,23.0686,32869
2021-04-13 04:00:00,23.51,23.655,23.465,23.51,18876642.0,23.534,32576
2021-04-14 04:00:00,23.43,23.65,23.425,23.59,11107147.0,23.5493,23830
2021-04-15 04:00:00,23.7795,24.1299,23.7622,24.03,29376612.0,24.0137,43768
2021-04-16 04:00:00,24.2,24.22,24.06,24.09,20854458.0,24.1486,37741
2021-04-19 04:00:00,23.93,24.045,23.785,23.98,16333332.0,23.9488,24713
2021-04-20 04:00:00,23.9,24.22,23.9,23.96,20911618.0,24.0319,30258
2021-04-21 04:00:00,24.15,24.735,24.1243,24.7,32992878.0,24.5276,47923
2021-04-22 04:00:00,24.43,24.47,24.11,24.21,25916426.0,24.307,36505
2021-04-23 04:00:00,24.33,24.39,23.9801,24.14,18442152.0,24.1661,29877
2021-04-26 04:00:00,24.3261,24.33,24.175,24.3,11054460.0,24.2665,20307
2021-04-27 04:00:00,24.45,24.525,24.345,24.39,12866187.0,24.428,23678
2021-04-28 04:00:00,24.1,24.4,23.97,24.4,20534543.0,24.1908,37372
2021-04-29 04:00:00,24.22,24.27,23.855,24.25,23251472.0,24.1012,37514
2021-04-30 04:00:00,24.21,24.27,23.9496,24.01,16806782.0,24.0883,28035
2021-05-03 04:00:00,24.6111,25.05,24.51,24.96,36331496.0,24.8885,61853
2021-05-04 04:00:00,25.0,25.16,24.21,24.57,37719431.0,24.6241,65245
2021-05-05 04:00:00,24.5,24.5999,24.425,24.57,13516978.0,24.5262,24661
2021-05-06 04:00:00,24.9,25.48,24.8999,25.37,32473604.0,25.3033,58781
2021-05-07 04:00:00,25.2823,25.5,25.17,25.47,25364444.0,25.3923,44386
2021-05-10 04:00:00,25.8,25.87,25.26,25.35,28424212.0,25.4943,50030
2021-05-11 04:00:00,25.23,25.67,25.19,25.67,23444054.0,25.4795,42020
2021-05-12 04:00:00,25.4021,25.565,25.05,25.09,35338051.0,25.2952,49559
2021-05-13 04:00:00,24.97,25.19,24.92,25.16,25131032.0,25.0726,36815
2021-05-14 04:00:00,25.39,25.5,25.29,25.46,22955710.0,25.3992,31454
2021-05-17 04:00:00,25.56,26.25,25.55,26.19,41874749.0,25.9911,64588
2021-05-18 04:00:00,26.37,26.39,25.98,26.15,28338868.0,26.1773,42161
2021-05-19 04:00:00,25.69,26.2,25.49,25.73,43585719.0,25.8201,69722
2021-05-20 04:00:00,25.81,25.98,25.65,25.79,20364600.0,25.8218,32628
2021-05-21 04:00:00,25.98,25.985,25.23,25.53,31146283.0,25.5189,50127
2021-05-24 04:00:00,25.73,25.89,25.645,25.75,15601750.0,25.7588,27623
2021-05-25 04:00:00,25.53,26.01,25.51,25.99,24282059.0,25.8571,38217
2021-05-26 04:00:00,25.87,25.96,25.6,25.67,23720329.0,25.7688,33101
2021-05-27 04:00:00,25.67,25.87,25.53,25.85,18584757.0,25.7389,29477
2021-05-28 04:00:00,25.63,25.95,25.6181,25.9,22529807.0,25.8158,33292
2021-06-01 04:00:00,26.38,26.43,25.83,25.84,26118355.0,26.0709,44908
2021-06-02 04:00:00,25.96,26.15,25.89,26.15,14522778.0,26.025,33463
2021-06-03 04:00:00,25.4421,25.49,25.07,25.46,31455707.0,25.32,55518
2021-06-04 04:00:00,25.7179,25.83,25.7,25.78,19065431.0,25.7535,31053
2021-06-07 04:00:00,25.8,25.925,25.715,25.9,17188694.0,25.8433,29452
2021-06-08 04:00:00,25.7199,25.8,25.51,25.61,23460093.0,25.6696,33948
2021-06-09 04:00:00,25.83,25.97,25.715,25.78,21620893.0,25.8331,25866
2021-06-10 04:00:00,25.74,26.01,25.66,25.97,24057233.0,25.8745,34095
2021-06-11 04:00:00,26.14,26.21,25.87,25.87,24834401.0,26.0157,31980
2021-06-14 04:00:00,25.59,25.9889,25.56,25.84,22004415.0,25.8609,28663
2021-06-15 04:00:00,25.68,25.705,25.405,25.65,18546689.0,25.5871,30265
2021-06-16 04:00:00,25.72,25.81,25.25,25.26,41137112.0,25.4898,52763
2021-06-17 04:00:00,24.36,24.47,23.89,24.05,74182557.0,24.1522,103104
2021-06-18 04:00:00,24.09,24.22,23.87,23.88,34088249.0,24.0679,51846
2021-06-21 04:00:00,24.08,24.1399,23.95,24.08,20624808.0,24.0655,31641
2021-06-22 04:00:00,23.96,24.0,23.843,23.85,17654513.0,23.9235,26663
2021-06-23 04:00:00,24.05,24.38,23.905,23.93,18041970.0,24.1526,28387
2021-06-24 04:00:00,24.2001,24.27,23.98,24.04,20312411.0,24.102,25287
2021-06-25 04:00:00,24.3283,24.33,24.08,24.18,12456443.0,24.1922,20420
2021-06-28 04:00:00,24.23,24.3098,24.16,24.21,13712246.0,24.2225,20132
2021-06-29 04:00:00,23.85,23.9699,23.75,23.89,19437924.0,23.8777,30633
2021-06-30 04:00:00,23.9875,24.25,23.95,24.22,19309727.0,24.1286,28054
2021-07-01 04:00:00,24.34,24.3581,24.055,24.11,14288000.0,24.1711,24251
2021-07-02 04:00:00,24.4765,24.63,24.3,24.55,21321981.0,24.4872,37788
2021-07-06 04:00:00,24.65,24.69,24.11,24.23,23825253.0,24.3558,35793
2021-07-07 04:00:00,24.39,24.44,24.08,24.24,24910738.0,24.2368,26048
2021-07-08 04:00:00,24.2435,24.26,23.92,24.01,22355049.0,24.0598,30583
2021-07-09 04:00:00,24.07,24.29,24.05,24.19,11456638.0,24.1994,18802
2021-07-12 04:00:00,24.2,24.34,24.05,24.28,13849859.0,24.2485,21071
2021-07-13 04:00:00,24.15,24.305,24.05,24.08,16394585.0,24.1595,23555
2021-07-14 04:00:00,24.51,24.53,24.15,24.33,26679012.0,24.322,44028
2021-07-15 04:00:00,24.38,24.44,24.275,24.38,13954917.0,24.3688,19953
2021-07-16 04:00:00,24.16,24.23,23.72,23.77,32456971.0,23.8864,43116
2021-07-19 04:00:00,23.4741,23.51,23.18,23.29,36393428.0,23.3224,50996
2021-07-20 04:00:00,23.24,23.35,23.0,23.14,25553457.0,23.1403,31546
2021-07-21 04:00:00,23.1901,23.46,23.18,23.42,17069035.0,23.3535,23059
2021-07-22 04:00:00,23.32,23.5985,23.1801,23.56,14274962.0,23.4063,19202
2021-07-23 04:00:00,23.35,23.41,23.17,23.35,13999088.0,23.3195,18809
2021-07-26 04:00:00,23.35,23.4499,23.32,23.36,11047681.0,23.3821,16234
2021-07-27 04:00:00,23.3,23.3099,22.69,22.96,27749018.0,22.9255,36806
2021-07-28 04:00:00,22.9,23.18,22.81,23.17,19356595.0,23.0356,28299
2021-07-29 04:00:00,23.64,23.91,23.64,23.72,28655115.0,23.7976,37237
2021-07-30 04:00:00,23.67,23.735,23.49,23.63,13908398.0,23.6269,21874
2021-08-02 04:00:00,23.47,23.67,23.47,23.53,14364349.0,23.593,19020
2021-08-03 04:00:00,23.66,23.72,23.56,23.68,11872483.0,23.6538,16093
2021-08-04 04:00:00,24.02,24.0699,23.46,23.54,23504548.0,23.6858,28528
2021-08-05 04:00:00,23.55,23.5701,23.24,23.3,14401730.0,23.3835,21366
2021-08-06 04:00:00,22.67,22.69,22.42,22.52,35763893.0,22.537,55756
2021-08-09 04:00:00,22.09,22.16,21.53,21.75,44597705.0,21.807,73379
2021-08-10 04:00:00,21.6,21.7582,21.55,21.62,17390778.0,21.6477,29917
2021-08-11 04:00:00,21.77,21.86,21.63,21.84,15281491.0,21.7727,27350
2021-08-12 04:00:00,21.63,21.63,21.32,21.5,17865180.0,21.4739,27876
2021-08-13 04:00:00,21.76,22.09,21.7,21.97,20165287.0,21.95,27838
2021-08-16 04:00:00,22.0,22.15,21.8901,22.1,13552379.0,22.0368,21236
2021-08-17 04:00:00,22.03,22.15,21.84,21.9,17660427.0,21.9357,21687
2021-08-18 04:00:00,21.88,21.88,21.58,21.76,19311723.0,21.7437,29102
2021-08-19 04:00:00,21.67,21.69,21.43,21.51,16659678.0,21.5593,25877
2021-08-20 04:00:00,21.45,21.54,21.195,21.35,16170046.0,21.3915,26312
2021-08-23 04:00:00,21.85,21.95,21.72,21.88,17623917.0,21.8676,25893
2021-08-24 04:00:00,22.1,22.2,21.975,22.08,17851337.0,22.1189,24156
2021-08-25 04:00:00,22.08,22.13,21.84,22.09,15318934.0,21.9994,20303
2021-08-26 04:00:00,21.9,21.98,21.71,21.85,15730722.0,21.8437,23721
2021-08-27 04:00:00,21.71,22.3467,21.62,22.33,38221983.0,22.0569,41865
2021-08-30 04:00:00,22.35,22.3791,22.15,22.26,12848420.0,22.2314,21108
2021-08-31 04:00:00,22.31,22.38,22.05,22.14,17200012.0,22.1856,26685
2021-09-01 04:00:00,22.36,22.48,22.31,22.37,17441655.0,22.3858,23615
2021-09-02 04:00:00,22.27,22.27,22.035,22.14,16651152.0,22.1393,25997
2021-09-03 04:00:00,22.6,23.04,22.54,22.88,28100975.0,22.8254,40610
2021-09-07 04:00:00,22.67,22.7495,22.38,22.51,22422116.0,22.5422,30879
2021-09-08 04:00:00,22.47,22.49,22.14,22.17,23791200.0,22.2593,32235
2021-09-09 04:00:00,22.44,22.45,22.17,22.27,18791227.0,22.29,23512
2021-09-10 04:00:00,22.31,22.38,21.99,21.99,17930305.0,22.1644,27628
2021-09-13 04:00:00,21.8,22.1,21.77,21.99,18019650.0,21.9666,27644
2021-09-14 04:00:00,22.04,22.19,21.8738,22.1,19070066.0,22.0401,27751
2021-09-15 04:00:00,22.06,22.145,21.95,22.07,13448158.0,22.0405,18758
2021-09-16 04:00:00,21.335,21.35,20.93,21.25,52910401.0,21.1176,64425
2021-09-17 04:00:00,20.99,21.01,20.68,20.74,44713892.0,20.8316,54030
2021-09-20 04:00:00,20.64,20.845,20.52,20.59,24491877.0,20.6607,38336
2021-09-21 04:00:00,20.87,21.045,20.7239,20.84,23205409.0,20.891,33022
2021-09-22 04:00:00,21.09,21.435,20.92,20.99,46929110.0,21.1686,61395
2021-09-23 04:00:00,20.94,21.05,20.8799,20.91,22303147.0,20.9683,28810
2021-09-24 04:00:00,20.51,20.825,20.48,20.71,23093565.0,20.6863,31239
2021-09-27 04:00:00,20.97,21.16,20.88,20.94,17405545.0,21.018,25211
2021-09-28 04:00:00,20.83,20.8802,20.59,20.78,29154756.0,20.7615,33310
2021-09-29 04:00:00,20.15,20.23,19.83,19.95,56579726.0,19.9839,74075
2021-09-30 04:00:00,20.19,20.59,20.1429,20.52,61442881.0,20.4257,67567
2021-10-01 04:00:00,20.81,20.915,20.68,20.83,29866022.0,20.7943,38186
2021-10-04 04:00:00,20.76,21.03,20.7,20.98,25183913.0,20.8982,37872
2021-10-05 04:00:00,20.84,20.98,20.71,20.92,21548888.0,20.8752,27004
2021-10-06 04:00:00,20.75,21.01,20.65,20.96,22553289.0,20.8497,30497
2021-10-07 04:00:00,20.7922,21.1,20.775,20.9,19484284.0,20.9427,25972
2021-10-08 04:00:00,21.39,21.44,20.94,20.95,33300395.0,21.1434,35701
2021-10-11 04:00:00,20.97,21.13,20.88,20.88,15152015.0,20.9967,21671
2021-10-12 04:00:00,20.85,21.09,20.8,20.93,23052092.0,20.9147,25888
2021-10-13 04:00:00,21.09,21.53,21.08,21.33,37984737.0,21.3584,45151
2021-10-14 04:00:00,21.62,21.84,21.49,21.8,28993825.0,21.6714,38693
2021-10-15 04:00:00,21.59,21.7,21.47,21.58,23903998.0,21.5844,31880
2021-10-18 04:00:00,21.57,21.58,21.3,21.49,16090873.0,21.4791,25989
2021-10-19 04:00:00,22.23,22.31,21.85,21.89,39514999.0,22.0942,46017
2021-10-20 04:00:00,22.2,22.61,22.12,22.53,31563861.0,22.4292,42383
2021-10-21 04:00:00,22.37,22.435,22.22,22.35,15172858.0,22.336,25307
2021-10-22 04:00:00,22.59,22.98,22.393,22.54,39029950.0,22.7079,46287
2021-10-25 04:00:00,22.65,22.79,22.55,22.74,14958270.0,22.6969,25636
2021-10-26 04:00:00,22.38,22.4,22.1,22.37,21431511.0,22.2722,35626
2021-10-27 04:00:00,22.35,22.455,22.17,22.29,19097692.0,22.318,24995
2021-10-28 04:00:00,22.37,22.45,22.1701,22.27,12812487.0,22.2991,24067
2021-10-29 04:00:00,22.07,22.15,21.89,22.09,19160359.0,22.0612,29023
2021-11-01 04:00:00,22.24,22.31,22.1441,22.23,17311077.0,22.2213,25910
2021-11-02 04:00:00,21.93,21.95,21.64,21.8,24914960.0,21.7604,39243
2021-11-03 04:00:00,21.41,21.84,21.31,21.81,37161014.0,21.5505,50949
2021-11-04 04:00:00,22.1,22.255,21.98,22.0,27818230.0,22.127,29993
2021-11-05 04:00:00,22.25,22.36,22.03,22.35,22311020.0,22.2121,30573
2021-11-08 05:00:00,22.54,22.69,22.455,22.65,16458762.0,22.5684,24793
2021-11-09 05:00:00,22.52,22.63,22.23,22.53,18973655.0,22.4347,26364
2021-11-10 05:00:00,23.15,23.26,22.69,22.87,46183387.0,23.0278,56401
2021-11-11 05:00:00,23.22,23.38,23.165,23.35,23239904.0,23.2985,29449
2021-11-12 05:00:00,23.18,23.5,23.13,23.42,24315817.0,23.3671,30801
2021-11-15 05:00:00,23.19,23.31,23.05,23.24,20072244.0,23.1863,27222
2021-11-16 05:00:00,23.15,23.29,22.9147,22.96,21687344.0,23.0888,29114
2021-11-17 05:00:00,23.22,23.325,23.09,23.17,15596193.0,23.2016,24917
2021-11-18 05:00:00,23.02,23.11,22.92,22.96,12880582.0,23.0023,21348
2021-11-19 05:00:00,23.0,23.12,22.72,22.75,23754322.0,22.9089,31864
2021-11-22 05:00:00,22.67,22.7701,22.3,22.34,26721812.0,22.5224,40928
2021-11-23 05:00:00,21.71,21.93,21.533,21.92,32565996.0,21.7281,50731
2021-11-24 05:00:00,21.73,21.8306,21.67,21.79,20225352.0,21.7439,27404
2021-11-26 05:00:00,21.79,21.79,21.2,21.37,23137145.0,21.4619,33465
2021-11-29 05:00:00,21.31,21.37,21.05,21.16,22115704.0,21.179,32181
2021-11-30 05:00:00,21.2,21.57,20.99,21.06,29616216.0,21.2052,40954
2021-12-01 05:00:00,20.98,21.075,20.52,20.57,41882781.0,20.7702,50664
2021-12-02 05:00:00,20.74,20.76,20.55,20.69,25783245.0,20.6764,32504
2021-12-03 05:00:00,20.71,20.87,20.38,20.85,22835051.0,20.6898,32486
2021-12-06 05:00:00,20.54,20.76,20.465,20.71,18193246.0,20.6435,27614
2021-12-07 05:00:00,20.68,20.91,20.67,20.81,18763317.0,20.8025,20422
2021-12-08 05:00:00,20.7,20.8,20.6344,20.76,14075440.0,20.7416,20234
2021-12-09 05:00:00,20.46,20.49,20.27,20.3,23767504.0,20.3541,32951
2021-12-10 05:00:00,20.52,20.5399,20.4046,20.5,17760783.0,20.4878,23005
2021-12-13 05:00:00,20.65,20.74,20.59,20.61,16422345.0,20.6431,19504
2021-12-14 05:00:00,20.13,20.35,20.09,20.31,19912441.0,20.2537,26201
2021-12-15 05:00:00,20.17,20.465,19.8,20.41,44633662.0,20.0796,50805
2021-12-16 05:00:00,20.61,20.84,20.6,20.79,26368169.0,20.7603,32394
2021-12-17 05:00:00,20.85,20.91,20.68,20.68,19977365.0,20.8173,22669
2021-12-20 05:00:00,20.6,20.66,20.52,20.57,12493184.0,20.5958,19496
2021-12-21 05:00:00,20.88,20.93,20.74,20.77,11231469.0,20.8165,17969
2021-12-22 05:00:00,20.98,21.12,20.86,21.1,16909908.0,21.0278,21551
2021-12-23 05:00:00,21.1,21.21,20.95,21.16,12824456.0,21.118,18658
2021-12-27 05:00:00,21.19,21.38,21.16,21.33,15173053.0,21.2773,22390
2021-12-28 05:00:00,21.41,21.51,21.25,21.27,14845547.0,21.3508,19842
2021-12-29 05:00:00,20.9,21.15,20.885,21.11,11755721.0,21.0551,17754
2021-12-30 05:00:00,21.21,21.3701,21.2,21.34,11646627.0,21.2994,19751
2021-12-31 05:00:00,21.5,21.5861,21.3682,21.51,15618525.0,21.5041,22212
2022-01-03 05:00:00,21.04,21.25,20.965,21.18,18043552.0,21.116,27291
2022-01-04 05:00:00,21.23,21.3654,21.19,21.32,12946913.0,21.2925,17863
2022-01-05 05:00:00,21.39,21.505,21.0,21.0,22571362.0,21.2516,30353
2022-01-06 05:00:00,20.38,20.63,20.35,20.51,27161103.0,20.4818,37766
2022-01-07 05:00:00,20.52,20.75,20.3734,20.62,23522177.0,20.5802,29913
2022-01-10 05:00:00,20.6,20.825,20.57,20.76,17015103.0,20.7104,23141
2022-01-11 05:00:00,20.84,21.09,20.77,21.05,23681497.0,20.9633,24921
2022-01-12 05:00:00,21.18,21.48,21.17,21.45,23394767.0,21.3565,27683
2022-01-13 05:00:00,21.45,21.48,21.26,21.33,25395103.0,21.3724,25444
2022-01-14 05:00:00,21.24,21.33,21.1,21.2,22448751.0,21.2092,23952
2022-01-18 05:00:00,21.63,21.8505,21.525,21.69,33268461.0,21.6848,46741
2022-01-19 05:00:00,22.01,22.39,21.945,22.37,43721602.0,22.2398,54772
2022-01-20 05:00:00,22.66,22.84,22.56,22.62,44986865.0,22.6987,55439
2022-01-21 05:00:00,22.69,22.71,22.34,22.38,40713826.0,22.4771,44117
2022-01-24 05:00:00,22.02,22.15,21.78,22.11,37842103.0,21.9518,47273
2022-01-25 05:00:00,21.83,22.165,21.81,22.02,30586777.0,22.0135,36617
2022-01-26 05:00:00,21.88,22.12,21.661,21.72,42075688.0,21.9052,52980
2022-01-27 05:00:00,21.07,21.295,20.87,21.02,45559803.0,21.0131,58313
2022-01-28 05:00:00,20.78,20.9,20.4799,20.71,29449401.0,20.6573,40030
2022-01-31 05:00:00,20.75,20.85,20.66,20.8,19718322.0,20.7599,25883
2022-02-01 05:00:00,21.17,21.25,20.815,20.94,34540450.0,20.9653,37476
2022-02-02 05:00:00,20.96,21.095,20.77,20.93,19816495.0,20.9513,22800
2022-02-03 05:00:00,20.7,20.82,20.34,20.71,28800623.0,20.6294,33744
2022-02-04 05:00:00,20.66,20.96,20.66,20.79,24572244.0,20.792,26389
2022-02-07 05:00:00,21.14,21.36,21.09,21.27,22887972.0,21.2353,28045
2022-02-08 05:00:00,21.27,21.5,21.2294,21.45,16005845.0,21.4018,21194
2022-02-09 05:00:00,21.44,21.59,21.36,21.53,17908348.0,21.499,23961
2022-02-10 05:00:00,21.53,21.92,21.4101,21.42,36468025.0,21.6782,43635
2022-02-11 05:00:00,21.3,21.9,21.28,21.83,47248835.0,21.662,51042
2022-02-14 05:00:00,22.05,22.13,21.92,22.05,27999307.0,22.0318,34210
2022-02-15 05:00:00,21.41,21.65,21.32,21.61,27015339.0,21.5126,32283
2022-02-16 05:00:00,21.61,21.88,21.61,21.87,24804877.0,21.7717,28800
2022-02-17 05:00:00,21.89,22.11,21.8446,22.04,33940991.0,21.9915,36098
2022-02-18 05:00:00,22.15,22.24,22.06,22.12,23016912.0,22.1363,30171
2022-02-22 05:00:00,22.39,22.52,22.29,22.31,38336309.0,22.3759,47235
2022-02-23 05:00:00,22.4,22.73,22.39,22.73,35427163.0,22.611,39826
2022-02-24 05:00:00,23.39,23.4,22.03,22.31,85973317.0,22.6847,101897
2022-02-25 05:00:00,22.18,22.42,22.06,22.4,37032269.0,22.1956,35324
2022-02-28 05:00:00,22.71,22.72,22.3601,22.62,42783666.0,22.5199,39414
2022-03-01 05:00:00,22.84,23.608,22.84,23.54,60537638.0,23.2698,71774
2022-03-02 05:00:00,23.21,23.46,23.04,23.37,56359581.0,23.214,59046
2022-03-03 05:00:00,23.3,23.34,23.07,23.29,44272361.0,23.2071,41126
2022-03-04 05:00:00,23.39,23.79,23.35,23.64,61610680.0,23.626,67002
2022-03-07 05:00:00,23.54,23.77,23.43,23.7,51534342.0,23.6091,66420
2022-03-08 05:00:00,24.27,24.9,24.0,24.45,114432100.0,24.4578,177680
2022-03-09 05:00:00,23.95,24.17,23.4793,23.8,58012940.0,23.839,81372
2022-03-10 05:00:00,24.0,24.09,23.72,24.01,37767605.0,23.957,48300
2022-03-11 05:00:00,23.75,24.03,23.68,23.87,32083137.0,23.8737,38609
2022-03-14 04:00:00,23.37,23.37,23.03,23.16,31301117.0,23.2003,44786
2022-03-15 04:00:00,22.87,23.1499,22.75,23.0,25150016.0,22.9679,37454
2022-03-16 04:00:00,22.97,23.145,22.6,23.11,32895323.0,22.8372,45297
2022-03-17 04:00:00,23.34,23.6,23.33,23.33,24339603.0,23.456,35152
2022-03-18 04:00:00,23.13,23.26,22.94,23.02,23821944.0,23.0811,32236
2022-03-21 04:00:00,23.06,23.38,23.05,23.28,26595693.0,23.2646,32919
2022-03-22 04:00:00,22.95,22.98,22.7,22.88,18806956.0,22.877,31539
2022-03-23 04:00:00,23.12,23.29,22.955,23.24,20826718.0,23.1415,29696
2022-03-24 04:00:00,23.58,23.89,23.545,23.61,32930612.0,23.7042,42578
2022-03-25 04:00:00,23.48,23.57,23.3237,23.48,17909205.0,23.4697,24228
2022-03-28 04:00:00,23.13,23.225,22.9,22.93,21405200.0,23.0651,32324
2022-03-29 04:00:00,22.35,22.94,22.21,22.91,30815060.0,22.6223,43814
2022-03-30 04:00:00,22.98,23.155,22.91,22.94,25616615.0,23.0301,31435
2022-03-31 04:00:00,23.11,23.1899,22.86,22.88,27145254.0,23.0263,32336
2022-04-01 04:00:00,22.59,22.92,22.57,22.74,47311827.0,22.7906,50686
2022-04-04 04:00:00,22.67,22.8161,22.425,22.63,34757059.0,22.6163,39046
2022-04-05 04:00:00,22.9,23.04,22.36,22.36,42303288.0,22.6203,48316
2022-04-06 04:00:00,22.53,22.695,22.3804,22.57,32631204.0,22.5541,35167
2022-04-07 04:00:00,22.44,22.79,22.39,22.7,33647598.0,22.6644,35526
2022-04-08 04:00:00,22.57,22.92,22.56,22.82,30242684.0,22.8044,30778
2022-04-11 04:00:00,23.4,23.41,22.91,23.15,40735793.0,23.0713,44740
2022-04-12 04:00:00,23.4,23.655,23.23,23.47,40646626.0,23.4883,48590
2022-04-13 04:00:00,23.67,23.86,23.59,23.75,32672514.0,23.7546,41111
2022-04-14 04:00:00,23.6,23.68,23.37,23.64,31607180.0,23.5207,35702
2022-04-18 04:00:00,24.04,24.1553,23.82,23.87,45390305.0,24.0039,44360
2022-04-19 04:00:00,23.58,23.625,23.14,23.24,35867321.0,23.3138,47455
2022-04-20 04:00:00,23.1,23.3,23.0821,23.28,23415510.0,23.2153,26730
2022-04-21 04:00:00,22.93,22.94,22.55,22.79,37513509.0,22.7316,44866
2022-04-22 04:00:00,22.36,22.529,22.27,22.31,32779475.0,22.3903,34017
2022-04-25 04:00:00,21.81,21.92,21.65,21.83,38780876.0,21.8129,50329
2022-04-26 04:00:00,21.84,21.94,21.6,21.65,30841236.0,21.7203,35468
2022-04-27 04:00:00,21.76,21.815,21.46,21.49,30704237.0,21.5856,34070
2022-04-28 04:00:00,21.23,21.45,21.19,21.42,28124644.0,21.3132,33732
2022-04-29 04:00:00,21.32,21.44,20.99,21.04,32119249.0,21.2258,38978
2022-05-02 04:00:00,20.63,21.02,20.42,20.87,38907765.0,20.7521,45735
2022-05-03 04:00:00,20.85,21.09,20.77,20.83,29437664.0,20.9211,34028
2022-05-04 04:00:00,20.71,21.3,20.5054,21.28,53387962.0,20.8284,61853
2022-05-05 04:00:00,21.32,21.33,20.6005,20.78,38950567.0,20.8367,44946
2022-05-06 04:00:00,20.71,20.845,20.56,20.66,36791398.0,20.6949,35065
2022-05-09 04:00:00,20.38,20.4,20.01,20.03,40850938.0,20.1722,46844
2022-05-10 04:00:00,20.29,20.33,19.54,19.55,48854544.0,19.9076,53482
2022-05-11 04:00:00,20.08,20.28,19.85,19.87,35527532.0,20.0217,38645
2022-05-12 04:00:00,19.5,19.5305,19.025,19.12,35998022.0,19.2591,44911
2022-05-13 04:00:00,19.06,19.47,19.01,19.42,32770766.0,19.3159,32513
2022-05-16 04:00:00,19.63,20.02,19.622,19.93,36114033.0,19.8735,29825
2022-05-17 04:00:00,20.01,20.1,19.855,19.92,23772643.0,20.0023,23974
2022-05-18 04:00:00,19.93,19.965,19.72,19.73,22132287.0,19.8451,22522
2022-05-19 04:00:00,20.11,20.3,20.1,20.27,24877320.0,20.2135,27609
2022-05-20 04:00:00,20.16,20.21,19.94,20.07,19639309.0,20.0442,23075
2022-05-23 04:00:00,20.21,20.25,20.0,20.1,17547606.0,20.1377,20921
2022-05-24 04:00:00,20.28,20.5,20.24,20.39,22182504.0,20.3736,22907
2022-05-25 04:00:00,20.21,20.36,20.125,20.34,18273507.0,20.2208,19957
2022-05-26 04:00:00,20.14,20.38,20.1299,20.31,14580974.0,20.2729,16869
2022-05-27 04:00:00,20.62,20.65,20.325,20.36,22191555.0,20.4279,22745
2022-05-31 04:00:00,20.16,20.28,19.84,19.84,29472959.0,20.0059,35454
2022-06-01 04:00:00,20.19,20.28,19.985,20.13,25934453.0,20.1517,27846
2022-06-02 04:00:00,20.35,20.5999,20.35,20.59,21958266.0,20.5177,26827
2022-06-03 04:00:00,20.53,20.5827,20.15,20.23,21578979.0,20.2821,27079
2022-06-06 04:00:00,20.61,20.64,20.32,20.37,18624307.0,20.4171,21557
2022-06-07 04:00:00,20.27,20.57,20.23,20.52,17528873.0,20.4523,21749
2022-06-08 04:00:00,20.36,20.5,20.28,20.35,15871279.0,20.3951,19151
2022-06-09 04:00:00,20.28,20.3,19.88,19.97,22778282.0,20.0343,28916
2022-06-10 04:00:00,19.79,20.3,19.6556,20.19,32953652.0,20.1062,37460
2022-06-13 04:00:00,19.69,19.71,19.34,19.5,44676128.0,19.5483,52508
2022-06-14 04:00:00,19.56,19.59,19.28,19.37,23906645.0,19.369,26609
2022-06-15 04:00:00,19.9,20.16,19.67,19.96,42638702.0,19.9284,51663
2022-06-16 04:00:00,19.93,20.2699,19.815,20.24,27706404.0,20.1144,36606
2022-06-17 04:00:00,20.1,20.14,19.9,19.98,20090007.0,19.974,26456
2022-06-21 04:00:00,20.09,20.245,19.96,19.98,19273850.0,20.0818,24093
2022-06-22 04:00:00,19.82,19.925,19.695,19.76,21420717.0,19.8153,21979
2022-06-23 04:00:00,19.74,19.84,19.2929,19.37,29995373.0,19.5057,37084
2022-06-24 04:00:00,19.27,19.58,19.15,19.51,16678467.0,19.4116,20732
2022-06-27 04:00:00,19.69,19.7,19.4746,19.49,15466970.0,19.5974,22326
2022-06-28 04:00:00,19.52,19.53,19.184,19.19,18331250.0,19.3175,21859
2022-06-29 04:00:00,19.26,19.29,19.03,19.14,15636337.0,19.1408,18588
2022-06-30 04:00:00,18.99,19.08,18.64,18.64,33205734.0,18.7686,34479
2022-07-01 04:00:00,18.1,18.3799,17.99,18.31,42504312.0,18.219,43633
2022-07-05 04:00:00,18.03,18.085,17.59,17.73,35121205.0,17.7791,45225
2022-07-06 04:00:00,17.8,17.85,17.48,17.69,27849937.0,17.6958,31437
2022-07-07 04:00:00,17.81,17.9799,17.695,17.75,17741800.0,17.8032,17986
2022-07-08 04:00:00,17.8,17.94,17.63,17.79,14195759.0,17.789,18173
2022-07-11 04:00:00,17.71,17.83,17.58,17.58,20437899.0,17.6898,24432
2022-07-12 04:00:00,17.5,17.65,17.41,17.44,17349349.0,17.5086,20446
2022-07-13 04:00:00,17.5,17.9,17.4227,17.69,27336964.0,17.6865,26198
2022-07-14 04:00:00,16.91,17.0589,16.73,17.0,33595951.0,16.9177,39374
2022-07-15 04:00:00,17.15,17.255,16.9899,17.19,20381349.0,17.1564,24004
2022-07-18 04:00:00,17.44,17.54,17.19,17.22,20458793.0,17.3855,23770
2022-07-19 04:00:00,17.3,17.39,17.27,17.29,24751084.0,17.3343,16310
2022-07-20 04:00:00,17.58,17.62,17.19,17.19,18738606.0,17.3458,21418
2022-07-21 04:00:00,17.07,17.4,17.06,17.4,20773877.0,17.2625,21600
2022-07-22 04:00:00,17.28,17.48,17.07,17.14,24517586.0,17.2815,23256
2022-07-25 04:00:00,17.06,17.08,16.88,16.98,25644376.0,16.9953,23150
2022-07-26 04:00:00,17.16,17.2603,17.115,17.16,28040106.0,17.1825,17336
2022-07-27 04:00:00,17.17,17.65,17.01,17.6,37684644.0,17.3587,35107
2022-07-28 04:00:00,18.16,18.44,18.06,18.43,31578219.0,18.269,42484
2022-07-29 04:00:00,18.43,18.73,18.34,18.7,17388896.0,18.5745,25386
2022-08-01 04:00:00,18.72,18.845,18.65,18.79,25230059.0,18.7456,25843
2022-08-02 04:00:00,18.73,18.8299,18.4,18.41,27922076.0,18.575,38637
2022-08-03 04:00:00,18.45,18.54,18.3,18.49,15163902.0,18.4101,17498
2022-08-04 04:00:00,18.47,18.69,18.4003,18.64,14091132.0,18.5902,17979
2022-08-05 04:00:00,18.16,18.44,18.11,18.33,15896216.0,18.3183,19910
2022-08-08 04:00:00,18.77,19.115,18.7429,19.03,20744628.0,18.9636,28978
2022-08-09 04:00:00,19.02,19.07,18.825,18.93,20591624.0,18.9019,18547
2022-08-10 04:00:00,19.0,19.22,18.91,18.95,27189071.0,19.0839,22812
2022-08-11 04:00:00,18.87,18.985,18.66,18.67,16253829.0,18.7905,18144
2022-08-12 04:00:00,18.82,19.21,18.81,19.17,16767394.0,19.0383,19338
2022-08-15 04:00:00,18.67,18.8,18.55,18.68,19897295.0,18.6786,22396
2022-08-16 04:00:00,18.5,18.64,18.49,18.57,20876779.0,18.5753,20526
2022-08-17 04:00:00,18.36,18.42,18.15,18.25,23675400.0,18.2632,24805
2022-08-18 04:00:00,18.29,18.35,17.96,18.04,20007512.0,18.0786,22582
2022-08-19 04:00:00,17.76,17.78,17.53,17.55,19196702.0,17.6331,28507
2022-08-22 04:00:00,17.47,17.6,17.32,17.5,21747536.0,17.4983,29790
2022-08-23 04:00:00,17.4,17.77,17.4,17.62,20127030.0,17.6369,19999
2022-08-24 04:00:00,17.51,17.73,17.47,17.63,16954837.0,17.5973,14778
2022-08-25 04:00:00,17.72,17.775,17.605,17.73,16618727.0,17.6804,16325
2022-08-26 04:00:00,17.82,17.91,17.35,17.36,19412699.0,17.5818,24515
2022-08-29 04:00:00,17.24,17.43,17.215,17.29,18893471.0,17.3268,22322
2022-08-30 04:00:00,17.22,17.23,16.915,16.96,21271874.0,17.0121,27290
2022-08-31 04:00:00,16.7,16.82,16.58,16.58,18799766.0,16.6553,27697
2022-09-01 04:00:00,16.39,16.4751,16.19,16.38,18413769.0,16.3621,27363
2022-09-02 04:00:00,16.63,16.8599,16.48,16.57,15875155.0,16.6629,28974
2022-09-06 04:00:00,16.82,16.86,16.53,16.54,10812352.0,16.6526,17790
2022-09-07 04:00:00,16.64,17.02,16.61,17.0,15468388.0,16.8903,22477
2022-09-08 04:00:00,17.06,17.13,16.88,17.03,13095367.0,17.0216,19516
2022-09-09 04:00:00,17.13,17.39,17.1138,17.32,9813460.0,17.2817,16412
2022-09-12 04:00:00,18.17,18.435,17.985,18.17,30176833.0,18.2052,38341
2022-09-13 04:00:00,18.04,18.2,17.82,17.83,20777180.0,17.9978,29724
2022-09-14 04:00:00,18.06,18.15,17.92,18.0,16309272.0,18.0398,20654
2022-09-15 04:00:00,17.86,18.05,17.61,17.63,17477281.0,17.7579,22089
2022-09-16 04:00:00,17.57,18.08,17.45,17.99,21175777.0,17.8428,31108
2022-09-19 04:00:00,17.72,18.0,17.705,17.99,16756471.0,17.8835,19078
2022-09-20 04:00:00,17.66,17.78,17.56,17.73,10478768.0,17.6842,15025
2022-09-21 04:00:00,18.02,18.36,17.82,18.06,36671629.0,18.0681,37652
2022-09-22 04:00:00,18.13,18.185,17.9,18.09,12553435.0,18.0429,17201
2022-09-23 04:00:00,17.64,17.65,17.3,17.36,23917089.0,17.4137,31629
2022-09-26 04:00:00,17.37,17.54,16.8901,16.92,19179189.0,17.1614,28629
2022-09-27 04:00:00,17.16,17.3,16.8739,16.9,18080154.0,17.0656,27326
2022-09-28 04:00:00,16.99,17.49,16.985,17.45,22513401.0,17.2554,27819
2022-09-29 04:00:00,17.28,17.38,17.03,17.37,16727332.0,17.2296,21752
2022-09-30 04:00:00,17.41,17.775,17.4,17.5,14446116.0,17.5992,22233
2022-10-03 04:00:00,18.47,19.1,18.4001,19.1,40558203.0,18.7992,52296
2022-10-04 04:00:00,19.3,19.56,19.2099,19.36,22227782.0,19.3806,35714
2022-10-05 04:00:00,18.69,19.11,18.3684,18.99,23878403.0,18.7002,39061
2022-10-06 04:00:00,18.86,19.06,18.75,19.04,11261230.0,18.9313,19869
2022-10-07 04:00:00,18.79,18.876,18.42,18.5,24621138.0,18.633,27518
2022-10-10 04:00:00,18.21,18.235,17.98,18.09,17979141.0,18.0955,25397
2022-10-11 04:00:00,17.89,18.08,17.5606,17.68,23821924.0,17.8245,30439
2022-10-12 04:00:00,17.53,17.68,17.37,17.59,21216870.0,17.5237,36381
2022-10-13 04:00:00,17.14,17.5155,17.04,17.39,26705323.0,17.293,34898
2022-10-14 04:00:00,17.18,17.195,16.662,16.81,24636146.0,16.8933,36190
2022-10-17 04:00:00,17.33,17.4499,17.11,17.12,17937392.0,17.2322,28900
2022-10-18 04:00:00,17.36,17.4095,17.075,17.23,11236316.0,17.219,19940
2022-10-19 04:00:00,16.99,17.0755,16.91,17.01,9941278.0,16.9867,17241
2022-10-20 04:00:00,17.06,17.5,17.03,17.17,17615560.0,17.2871,22869
2022-10-21 04:00:00,17.21,17.78,17.13,17.76,28680281.0,17.4774,35631
2022-10-24 04:00:00,17.66,17.7699,17.51,17.68,12953843.0,17.6556,19144
2022-10-25 04:00:00,17.71,17.9,17.7,17.86,13857096.0,17.7903,20891
2022-10-26 04:00:00,17.9,18.1199,17.9,17.98,17092677.0,18.0099,24849
2022-10-27 04:00:00,18.02,18.1,17.89,17.98,14108112.0,17.9818,23559
2022-10-28 04:00:00,17.7,17.85,17.49,17.74,10708889.0,17.6729,18076
2022-10-31 04:00:00,17.46,17.72,17.4095,17.62,10005033.0,17.6286,14963
2022-11-01 04:00:00,18.321,18.37,17.94,18.05,20107589.0,18.1377,26845
2022-11-02 04:00:00,18.24,18.49,17.73,17.73,24802266.0,18.0788,30498
2022-11-03 04:00:00,17.46,18.0,17.44,17.94,19125333.0,17.8456,24943
2022-11-04 04:00:00,18.741,19.26,18.665,19.26,34818863.0,18.9947,51756
2022-11-07 05:00:00,19.22,19.34,19.13,19.15,12869734.0,19.2057,20875
2022-11-08 05:00:00,19.26,19.91,19.21,19.7,31329627.0,19.6743,41860
2022-11-09 05:00:00,19.66,19.895,19.33,19.36,17422803.0,19.5842,26341
2022-11-10 05:00:00,19.975,20.07,19.76,19.97,21968313.0,19.9416,30908
2022-11-11 05:00:00,19.76,19.95,19.66,19.95,12472167.0,19.8191,23361
2022-11-14 05:00:00,19.95,20.33,19.93,20.24,14503024.0,20.1725,28766
2022-11-15 05:00:00,20.08,20.115,19.695,19.88,23955428.0,19.8928,31140
2022-11-16 05:00:00,19.95,20.0,19.7,19.74,10180612.0,19.8143,17038
2022-11-17 05:00:00,19.25,19.3299,19.125,19.29,12895415.0,19.2507,22992
2022-11-18 05:00:00,19.31,19.46,19.1811,19.25,15315791.0,19.3265,19720
2022-11-21 05:00:00,19.211,19.245,19.02,19.2,10468112.0,19.1421,17524
2022-11-22 05:00:00,19.425,19.52,19.2501,19.43,10140068.0,19.3914,18443
2022-11-23 05:00:00,19.53,19.88,19.5,19.81,12773554.0,19.6958,21619
2022-11-25 05:00:00,19.59,19.755,19.5617,19.72,7784754.0,19.6707,11576
2022-11-28 05:00:00,19.66,19.69,19.2,19.26,20288015.0,19.3688,27464
2022-11-29 05:00:00,19.5,19.75,19.5,19.56,11253026.0,19.6122,17337
2022-11-30 05:00:00,20.121,20.43,19.805,20.43,26502128.0,20.146,38987
2022-12-01 05:00:00,20.63,20.98,20.59,20.98,24949608.0,20.8198,38987
2022-12-02 05:00:00,20.73,21.39,20.67,21.29,23150113.0,21.1205,34335
2022-12-05 05:00:00,20.91,20.95,20.4,20.44,24402747.0,20.5635,37474
2022-12-06 05:00:00,20.62,20.75,20.27,20.44,16489572.0,20.4502,27053
2022-12-07 05:00:00,20.67,21.01,20.655,20.92,22573402.0,20.8813,36960
2022-12-08 05:00:00,21.32,21.37,21.14,21.21,17948269.0,21.2272,25366
2022-12-09 05:00:00,21.451,21.8,21.2635,21.56,18975701.0,21.5804,31117
2022-12-12 05:00:00,21.58,21.62,21.26,21.46,20222250.0,21.3927,27973
2022-12-13 05:00:00,22.09,22.2,21.685,21.83,24657059.0,21.894,43604
2022-12-14 05:00:00,21.93,22.135,21.52,21.99,24341146.0,21.9082,39636
2022-12-15 05:00:00,21.45,21.57,21.15,21.24,19921896.0,21.3348,39122
2022-12-16 05:00:00,21.16,21.4,21.13,21.37,15975989.0,21.2923,24985
2022-12-19 05:00:00,21.35,21.38,21.01,21.12,12704576.0,21.1676,23539
2022-12-20 05:00:00,21.95,22.32,21.86,22.23,28496732.0,22.0928,46204
2022-12-21 05:00:00,22.09,22.2699,22.01,22.07,11636955.0,22.0925,24866
2022-12-22 05:00:00,21.65,21.79,21.52,21.69,15133479.0,21.6676,26850
2022-12-23 05:00:00,21.78,21.945,21.685,21.85,10922259.0,21.8294,19291
2022-12-27 05:00:00,21.96,22.35,21.92,22.11,12346856.0,22.1471,24262
2022-12-28 05:00:00,21.931,21.97,21.595,21.6,10915055.0,21.7138,21922
2022-12-29 05:00:00,22.06,22.14,21.95,21.97,11896354.0,22.0371,20530
2022-12-30 05:00:00,21.92,22.03,21.64,22.02,14250956.0,21.8865,22871
2023-01-03 05:00:00,22.45,22.54,22.03,22.05,18122090.0,22.2205,30187
2023-01-04 05:00:00,22.28,22.36,21.7003,21.89,17246411.0,22.0141,31633
2023-01-05 05:00:00,21.499,21.53,21.27,21.39,16539890.0,21.3956,35024
2023-01-06 05:00:00,21.71,22.0,21.605,21.92,17021392.0,21.8738,25850
2023-01-09 05:00:00,22.001,22.14,21.69,21.74,15588178.0,21.8971,26900
2023-01-10 05:00:00,21.74,21.87,21.6401,21.73,10051193.0,21.74,17717
2023-01-11 05:00:00,21.855,21.88,21.3607,21.55,13848048.0,21.5391,24800
2023-01-12 05:00:00,22.0,22.0666,21.69,21.88,18514109.0,21.9055,29898
2023-01-13 05:00:00,21.88,22.35,21.86,22.33,18425397.0,22.2203,31607
2023-01-17 05:00:00,22.2,22.2082,21.92,22.01,23059394.0,22.0233,34664
2023-01-18 05:00:00,22.3,22.4,21.55,21.57,24553469.0,21.8704,42009
2023-01-19 05:00:00,21.65,22.03,21.571,21.96,15361241.0,21.836,27379
2023-01-20 05:00:00,22.01,22.07,21.8116,22.02,14299661.0,21.9686,25888
2023-01-23 05:00:00,21.18,21.62,20.93,21.58,30123252.0,21.2776,51495
2023-01-24 05:00:00,21.5,21.83,21.35,21.76,15461639.0,21.6789,28189
2023-01-25 05:00:00,21.63,22.02,21.58,21.97,12824938.0,21.8274,21554
2023-01-26 05:00:00,22.19,22.22,21.81,21.99,18177799.0,21.9716,27448
2023-01-27 05:00:00,21.71,21.7899,21.434,21.68,15244128.0,21.6501,27374
2023-01-30 05:00:00,21.799,21.8199,21.645,21.66,8337122.0,21.7252,19925
2023-01-31 05:00:00,21.58,21.86,21.54,21.83,10471370.0,21.7512,20891
2023-02-01 05:00:00,21.8,22.11,21.49,22.08,23818159.0,21.8492,39178
2023-02-02 05:00:00,22.5,22.52,21.54,21.57,22808390.0,21.8963,42928
2023-02-03 05:00:00,20.861,21.055,20.5,20.57,36695749.0,20.6738,58742
2023-02-06 05:00:00,20.55,20.65,20.37,20.48,15824842.0,20.4887,26132
2023-02-07 05:00:00,20.41,20.636,20.275,20.38,16209477.0,20.453,26734
2023-02-08 05:00:00,20.59,20.6413,20.42,20.48,10688526.0,20.5415,19119
2023-02-09 05:00:00,20.661,20.68,20.15,20.18,19233501.0,20.3414,29585
2023-02-10 05:00:00,20.41,20.45,20.1524,20.24,11028749.0,20.2753,20227
2023-02-13 05:00:00,20.15,20.25,20.04,20.2,12376276.0,20.1588,19194
2023-02-14 05:00:00,19.95,20.22,19.87,20.12,14586467.0,20.0493,24415
2023-02-15 05:00:00,19.78,19.95,19.77,19.89,13301900.0,19.8576,27912
2023-02-16 05:00:00,19.74,20.02,19.7144,19.84,16692904.0,19.8837,25312
2023-02-17 05:00:00,19.589,20.06,19.55,20.01,15129057.0,19.908,24617
2023-02-21 05:00:00,20.13,20.2099,20.0,20.07,11158669.0,20.1089,20232
2023-02-22 05:00:00,20.03,20.0501,19.71,19.75,15142703.0,19.8486,24659
2023-02-23 05:00:00,19.84,19.8903,19.55,19.63,13610706.0,19.6555,22071
2023-02-24 05:00:00,19.275,19.36,19.06,19.09,24859805.0,19.1786,37891
2023-02-27 05:00:00,19.09,19.14,18.89,18.93,26063831.0,18.9843,33484
2023-02-28 05:00:00,18.98,19.31,18.9,19.22,14396068.0,19.1445,19881
2023-03-01 05:00:00,19.28,19.47,19.22,19.29,14873121.0,19.3286,20321
2023-03-02 05:00:00,19.05,19.2499,19.02,19.24,8938569.0,19.158,15626
2023-03-03 05:00:00,19.3,19.56,19.15,19.55,12419173.0,19.3822,19637
2023-03-06 05:00:00,19.46,19.485,19.28,19.32,7902884.0,19.3861,15564
2023-03-07 05:00:00,18.98,18.99,18.41,18.45,26097528.0,18.6085,41617
2023-03-08 05:00:00,18.43,18.595,18.39,18.4,13896590.0,18.4773,21960
2023-03-09 05:00:00,18.49,18.66,18.38,18.44,11895499.0,18.5035,18914
2023-03-10 05:00:00,18.89,19.11,18.75,18.86,21470122.0,18.8703,33328
2023-03-13 04:00:00,19.71,20.16,19.675,20.0,37152342.0,19.918,61556
2023-03-14 04:00:00,20.05,20.21,19.87,19.89,29462941.0,20.0029,43639
2023-03-15 04:00:00,20.39,20.4353,19.87,20.0,50880528.0,20.1102,67472
2023-03-16 04:00:00,20.15,20.18,19.72,19.92,27767622.0,19.8908,30369
2023-03-17 04:00:00,20.18,20.775,20.15,20.63,29318252.0,20.4993,44126
2023-03-20 04:00:00,20.58,20.75,20.45,20.69,14306285.0,20.6444,27954
2023-03-21 04:00:00,20.69,20.695,20.365,20.54,15197974.0,20.4934,27594
2023-03-22 04:00:00,20.52,21.21,20.505,21.1,25323499.0,20.9531,40219
2023-03-23 04:00:00,21.11,21.35,21.02,21.28,19286828.0,21.1983,34820
2023-03-24 04:00:00,21.52,21.5793,21.2049,21.22,15759618.0,21.3589,27307
2023-03-27 04:00:00,21.08,21.235,21.0,21.22,11703644.0,21.1429,23616
2023-03-28 04:00:00,21.14,21.4899,21.1212,21.43,11221265.0,21.3529,19559
2023-03-29 04:00:00,21.32,21.53,21.3,21.44,11804316.0,21.435,21826
2023-03-30 04:00:00,21.68,21.96,21.56,21.94,14724448.0,21.811,27504
2023-03-31 04:00:00,22.03,22.2,21.99,22.12,18212357.0,22.0965,30407
2023-04-03 04:00:00,21.96,22.2399,21.9249,22.06,18134853.0,22.0543,32325
2023-04-04 04:00:00,22.13,23.0,22.095,22.97,35724667.0,22.7835,65855
2023-04-05 04:00:00,22.82,22.98,22.64,22.94,20676792.0,22.8674,42327
2023-04-06 04:00:00,22.79,22.975,22.58,22.89,13297370.0,22.8341,23246
2023-04-10 04:00:00,22.82,22.89,22.72,22.88,12751576.0,22.8097,26949
2023-04-11 04:00:00,22.9,23.1,22.85,23.04,14526526.0,23.0191,27355
2023-04-12 04:00:00,23.37,23.47,23.05,23.43,21592383.0,23.283,40782
2023-04-13 04:00:00,23.69,23.86,23.56,23.74,30298748.0,23.7093,52871
2023-04-14 04:00:00,23.84,23.89,23.1,23.31,34948622.0,23.3792,59001
2023-04-17 04:00:00,23.29,23.33,22.79,23.02,24471569.0,23.0233,43076
2023-04-18 04:00:00,22.93,23.27,22.9,23.15,14353774.0,23.1345,33736
2023-04-19 04:00:00,23.08,23.32,23.06,23.23,18571328.0,23.2051,29476
2023-04-20 04:00:00,23.23,23.42,23.05,23.17,15332341.0,23.2329,24289
2023-04-21 04:00:00,23.18,23.32,22.88,22.98,17623894.0,23.0121,26401
2023-04-24 04:00:00,22.93,23.18,22.84,23.08,13576616.0,23.0699,21809
2023-04-25 04:00:00,22.93,23.03,22.63,22.99,22711407.0,22.8045,32684
2023-04-26 04:00:00,23.12,23.12,22.71,22.83,20916813.0,22.8748,31155
2023-04-27 04:00:00,22.59,22.93,22.515,22.89,16054222.0,22.7916,25760
2023-04-28 04:00:00,22.88,23.03,22.745,23.0,14213297.0,22.9318,25107
2023-05-01 04:00:00,23.691,23.71,22.86,22.89,30354753.0,23.1453,41845
2023-05-02 04:00:00,22.67,23.41,22.64,23.35,27235289.0,23.1268,40582
2023-05-03 04:00:00,23.29,23.5289,23.16,23.43,20545290.0,23.3361,38749
2023-05-04 04:00:00,23.42,23.94,23.42,23.94,31012646.0,23.7616,48367
2023-05-05 04:00:00,23.38,23.59,23.12,23.57,26200183.0,23.3719,41462
2023-05-08 04:00:00,23.5,23.5962,23.43,23.49,11445888.0,23.509,22042
2023-05-09 04:00:00,23.4,23.5825,23.37,23.48,11470316.0,23.4936,18260
2023-05-10 04:00:00,23.6,23.6552,23.165,23.31,18265581.0,23.374,29178
2023-05-11 04:00:00,22.629,22.72,22.17,22.2,29635334.0,22.3374,53205
2023-05-12 04:00:00,22.06,22.19,21.91,22.02,18629946.0,22.0287,33916
2023-05-15 04:00:00,22.14,22.24,22.02,22.1,11308558.0,22.128,20048
2023-05-16 04:00:00,22.0,22.11,21.7,21.81,17274118.0,21.8308,26558
2023-05-17 04:00:00,21.92,21.92,21.615,21.82,14587555.0,21.7798,19157
2023-05-18 04:00:00,21.61,21.63,21.42,21.56,17283538.0,21.5388,25309
2023-05-19 04:00:00,21.7,22.0589,21.58,21.86,20547924.0,21.8549,26808
2023-05-22 04:00:00,21.86,21.945,21.67,21.67,12665502.0,21.763,17642
2023-05-23 04:00:00,21.56,21.71,21.47,21.51,15236304.0,21.5567,21831
2023-05-24 04:00:00,21.41,21.4399,21.14,21.16,19508543.0,21.2757,23701
2023-05-25 04:00:00,21.18,21.19,20.84,20.86,14846603.0,21.0082,24779
2023-05-26 04:00:00,21.26,21.43,21.135,21.38,13685072.0,21.3079,25294
2023-05-30 04:00:00,21.2506,21.3694,21.125,21.3,9121112.0,21.2748,19176
2023-05-31 04:00:00,21.4,21.685,21.19,21.61,18058468.0,21.5217,27656
2023-06-01 04:00:00,21.59,21.97,21.58,21.95,17940635.0,21.8405,27639
2023-06-02 04:00:00,21.97,22.0,21.65,21.69,13006971.0,21.7663,20801
2023-06-05 04:00:00,21.52,21.75,21.46,21.64,10411252.0,21.6194,16763
2023-06-06 04:00:00,21.63,21.705,21.43,21.65,9406931.0,21.6017,15736
2023-06-07 04:00:00,21.7,22.09,21.5,21.51,16744536.0,21.6816,27569
2023-06-08 04:00:00,22.01,22.36,22.01,22.3,20402793.0,22.241,31524
2023-06-09 04:00:00,22.26,22.516,22.21,22.27,10976127.0,22.3404,19762
2023-06-12 04:00:00,22.06,22.12,21.92,22.08,12288407.0,22.0331,20459
2023-06-13 04:00:00,22.11,22.21,21.66,21.74,14921898.0,21.8542,22118
2023-06-14 04:00:00,21.96,22.11,21.8901,21.97,11298604.0,22.017,19878
2023-06-15 04:00:00,21.67,21.945,21.665,21.94,11361033.0,21.8168,18518
2023-06-16 04:00:00,22.08,22.22,21.92,22.18,10974119.0,22.0784,16153
2023-06-20 04:00:00,21.4101,21.445,21.165,21.26,24042197.0,21.2819,38212
2023-06-21 04:00:00,20.95,20.9709,20.65,20.84,19677999.0,20.8481,28177
2023-06-22 04:00:00,20.63,20.71,20.46,20.53,17066522.0,20.5799,28209
2023-06-23 04:00:00,20.65,20.83,20.46,20.58,13003764.0,20.5942,22906
2023-06-26 04:00:00,20.85,21.0,20.735,20.9,12880100.0,20.9134,23622
2023-06-27 04:00:00,21.17,21.2,20.885,20.98,14341689.0,21.0261,18516
2023-06-28 04:00:00,20.86,20.99,20.71,20.84,8188353.0,20.8808,15490
2023-06-29 04:00:00,20.56,20.82,20.45,20.72,13780879.0,20.6798,20819
2023-06-30 04:00:00,20.65,20.9699,20.57,20.89,10504635.0,20.8315,20785
2023-07-03 04:00:00,21.05,21.18,21.0,21.01,9134951.0,21.0567,14679
2023-07-05 04:00:00,21.32,21.35,21.1,21.21,13306200.0,21.2424,24230
2023-07-06 04:00:00,21.02,21.03,20.6714,20.83,12544356.0,20.8372,23374
2023-07-07 04:00:00,20.92,21.24,20.92,21.18,10657886.0,21.12,18799
2023-07-10 04:00:00,21.05,21.25,21.05,21.24,8670769.0,21.1677,15877
2023-07-11 04:00:00,21.25,21.3,21.1248,21.2,6771672.0,21.2086,14293
2023-07-12 04:00:00,21.91,22.16,21.8801,22.15,24114723.0,22.0167,34867
2023-07-13 04:00:00,22.49,22.78,22.4146,22.78,22406742.0,22.6366,33336
2023-07-14 04:00:00,22.79,22.96,22.71,22.86,16802407.0,22.8661,27228
2023-07-17 04:00:00,22.69,22.82,22.57,22.79,9101942.0,22.7585,16775
2023-07-18 04:00:00,22.81,23.1,22.73,22.99,14769806.0,22.9533,20289
2023-07-19 04:00:00,23.0,23.155,22.92,23.1,12889285.0,23.0627,18371
2023-07-20 04:00:00,23.1,23.1299,22.67,22.68,16215147.0,22.8591,23104
2023-07-21 04:00:00,22.68,22.7109,22.56,22.57,11278976.0,22.633,21513
2023-07-24 04:00:00,22.4,22.46,22.2648,22.33,15105389.0,22.3771,23058
2023-07-25 04:00:00,22.57,22.69,22.46,22.62,10753401.0,22.6067,16647
2023-07-26 04:00:00,22.58,22.9699,22.5,22.91,24549841.0,22.801,28552
2023-07-27 04:00:00,22.5,22.52,22.06,22.11,27325215.0,22.2213,37646
2023-07-28 04:00:00,22.26,22.39,22.19,22.32,10629058.0,22.3208,14841
2023-07-31 04:00:00,22.48,22.79,22.48,22.69,14038869.0,22.6853,20587
2023-08-01 04:00:00,22.31,22.44,22.135,22.29,11600184.0,22.2602,24894
2023-08-02 04:00:00,22.19,22.22,21.695,21.75,16400826.0,21.8447,27759
2023-08-03 04:00:00,21.65,21.75,21.5847,21.63,16334791.0,21.6491,21054
2023-08-04 04:00:00,21.68,21.83,21.59,21.66,12397423.0,21.6844,17563
2023-08-07 04:00:00,21.59,21.6,21.16,21.21,11803123.0,21.2838,21813
2023-08-08 04:00:00,20.87,20.99,20.7999,20.9,16557897.0,20.8847,26380
2023-08-09 04:00:00,20.85,21.0,20.75,20.8,11966191.0,20.8306,19570
2023-08-10 04:00:00,20.88,21.1,20.77,20.83,13574860.0,20.8854,21061
2023-08-11 04:00:00,20.82,20.96,20.7601,20.8,8428788.0,20.8478,16294
2023-08-14 04:00:00,20.7,20.805,20.52,20.72,10036241.0,20.7124,19255
2023-08-15 04:00:00,20.63,20.83,20.52,20.67,11894809.0,20.6894,20057
2023-08-16 04:00:00,20.74,20.84,20.55,20.56,13151834.0,20.6604,19209
2023-08-17 04:00:00,21.06,21.08,20.71,20.8,16299583.0,20.8274,23417
2023-08-18 04:00:00,20.84,20.935,20.78,20.87,10430280.0,20.8538,15983
2023-08-21 04:00:00,21.31,21.38,21.01,21.36,12346301.0,21.2291,22901
2023-08-22 04:00:00,21.37,21.49,21.28,21.46,12970744.0,21.4178,17808
2023-08-23 04:00:00,22.05,22.3375,22.03,22.29,25176870.0,22.2095,36294
2023-08-24 04:00:00,22.2,22.31,22.055,22.11,13804071.0,22.1835,24575
2023-08-25 04:00:00,22.11,22.355,21.93,22.22,22742139.0,22.1439,27978
2023-08-28 04:00:00,22.08,22.335,22.04,22.22,7536640.0,22.2367,14107
2023-08-29 04:00:00,22.24,22.74,22.1934,22.71,19726872.0,22.5899,27615
2023-08-30 04:00:00,22.85,22.94,22.55,22.57,13091162.0,22.679,21770
2023-08-31 04:00:00,22.53,22.62,22.3448,22.39,10536608.0,22.4704,16800
2023-09-01 04:00:00,22.61,22.7009,22.15,22.17,12818469.0,22.3005,21824
2023-09-05 04:00:00,21.82,21.8899,21.56,21.59,15054099.0,21.674,24753
2023-09-06 04:00:00,21.16,21.4101,21.1,21.24,14534141.0,21.2327,25538
2023-09-07 04:00:00,21.08,21.17,21.01,21.05,10926885.0,21.0672,19124
2023-09-08 04:00:00,21.06,21.2399,20.9603,21.01,11665951.0,21.0664,17954
2023-09-11 04:00:00,21.24,21.2699,21.04,21.16,8858929.0,21.1457,15515
2023-09-12 04:00:00,21.0,21.22,20.97,21.13,8738452.0,21.1108,16097
2023-09-13 04:00:00,21.01,21.11,20.91,20.93,11886059.0,20.9825,18908
2023-09-14 04:00:00,20.6,20.86,20.45,20.73,26204949.0,20.6897,36317
2023-09-15 04:00:00,21.19,21.35,21.1,21.11,22811317.0,21.2262,28974
2023-09-18 04:00:00,21.22,21.32,21.05,21.3,11481340.0,21.2293,17906
2023-09-19 04:00:00,21.37,21.4,21.1701,21.27,10111168.0,21.2633,15976
2023-09-20 04:00:00,21.32,21.63,21.3003,21.34,17354044.0,21.4924,27729
2023-09-21 04:00:00,21.04,21.52,21.0,21.44,12395273.0,21.3303,23822
2023-09-22 04:00:00,21.65,21.75,21.56,21.58,11352615.0,21.6363,22008
2023-09-25 04:00:00,21.48,21.5593,21.125,21.2,14549077.0,21.2746,22589
2023-09-26 04:00:00,21.0,21.16,20.94,20.96,18268192.0,21.0085,19322
2023-09-27 04:00:00,20.71,20.8,20.54,20.7,15636838.0,20.6795,26174
2023-09-28 04:00:00,20.64,20.84,20.5301,20.74,14007736.0,20.694,20458
2023-09-29 04:00:00,21.39,21.4299,20.275,20.34,36658571.0,20.7667,51803
2023-10-02 04:00:00,19.69,19.74,19.4,19.42,41002748.0,19.5375,67501
2023-10-03 04:00:00,19.26,19.62,19.21,19.44,32235846.0,19.4221,45359
2023-10-04 04:00:00,19.41,19.42,18.97,19.31,25140974.0,19.1823,42241
2023-10-05 04:00:00,19.32,19.4,18.98,19.25,16430492.0,19.164,29810
2023-10-06 04:00:00,19.66,19.8198,19.26,19.73,28298501.0,19.6287,49363
2023-10-09 04:00:00,19.84,20.08,19.8,20.06,13077405.0,19.9754,23336
2023-10-10 04:00:00,19.97,20.0799,19.88,19.98,12114975.0,19.9784,19552
2023-10-11 04:00:00,20.19,20.27,20.07,20.18,20080534.0,20.1701,25721
2023-10-12 04:00:00,20.24,20.32,19.935,19.96,16915486.0,20.0478,22793
2023-10-13 04:00:00,20.49,20.91,20.47,20.78,28959583.0,20.7357,46553
2023-10-16 04:00:00,20.72,20.83,20.66,20.68,11982496.0,20.7319,19804
2023-10-17 04:00:00,20.79,21.085,20.725,20.92,16481960.0,20.948,28278
2023-10-18 04:00:00,21.21,21.33,20.78,20.95,20065650.0,21.0544,31786
2023-10-19 04:00:00,20.94,21.1567,20.745,21.11,20356655.0,20.9547,32852
2023-10-20 04:00:00,21.16,21.72,21.16,21.4,35245739.0,21.4764,50054
2023-10-23 04:00:00,21.2,21.2671,21.0,21.05,14074094.0,21.1283,23407
2023-10-24 04:00:00,20.92,21.09,20.86,21.02,11491706.0,20.9975,19404
2023-10-25 04:00:00,20.91,21.08,20.665,20.94,17639764.0,20.9226,25735
2023-10-26 04:00:00,20.91,20.97,20.565,20.85,14326610.0,20.8151,24670
2023-10-27 04:00:00,20.92,21.185,20.76,21.18,18629987.0,20.9555,28968
2023-10-30 04:00:00,21.59,21.61,21.23,21.34,15304599.0,21.3934,25389
2023-10-31 04:00:00,21.14,21.36,20.835,20.98,17624921.0,21.082,28518
2023-11-01 04:00:00,20.82,21.09,20.66,20.97,25224384.0,20.8759,37077
2023-11-02 04:00:00,21.07,21.0971,20.7663,20.87,12232463.0,20.8998,21168
2023-11-03 04:00:00,21.03,21.35,20.99,21.22,21259916.0,21.2202,29143
2023-11-06 05:00:00,21.22,21.23,21.07,21.08,10278185.0,21.1496,20359
2023-11-07 05:00:00,20.73,20.76,20.5748,20.73,16082208.0,20.6591,28011
2023-11-08 05:00:00,20.81,20.935,20.615,20.65,14361175.0,20.751,24853
2023-11-09 05:00:00,20.75,21.07,20.65,20.69,18731987.0,20.8607,24525
2023-11-10 05:00:00,20.55,20.6,20.34,20.34,14059609.0,20.4352,25564
2023-11-13 05:00:00,20.18,20.49,20.1,20.43,11091089.0,20.3236,22043
2023-11-14 05:00:00,20.92,21.24,20.8732,21.17,21723861.0,21.1214,33659
2023-11-15 05:00:00,21.36,21.52,21.24,21.45,18585615.0,21.4079,30879
2023-11-16 05:00:00,21.88,22.06,21.73,21.76,20259162.0,21.9002,34181
2023-11-17 05:00:00,21.79,21.855,21.6796,21.75,12296966.0,21.7588,17921
2023-11-20 05:00:00,21.42,21.605,21.3837,21.48,9696838.0,21.5107,19281
2023-11-21 05:00:00,21.88,22.0,21.735,21.77,15212958.0,21.8726,24025
2023-11-22 05:00:00,21.7,21.815,21.57,21.67,11151876.0,21.6618,16914
2023-11-24 05:00:00,22.02,22.29,22.0,22.27,10803300.0,22.1866,19959
2023-11-27 05:00:00,22.67,22.705,22.5,22.56,19785608.0,22.5902,33805
2023-11-28 05:00:00,22.68,22.92,22.5909,22.92,17064430.0,22.7902,32180
2023-11-29 05:00:00,22.96,23.13,22.82,22.88,16675165.0,22.9482,27045
2023-11-30 05:00:00,22.97,23.145,22.85,23.13,14364257.0,23.0352,25907
2023-12-01 05:00:00,23.09,23.3712,23.05,23.33,22107812.0,23.2295,35521
2023-12-04 05:00:00,22.75,22.92,22.3601,22.46,30668293.0,22.5834,51979
2023-12-05 05:00:00,22.281,22.375,21.95,22.12,27205056.0,22.1365,44889
2023-12-06 05:00:00,22.17,22.2,21.869,21.93,13374501.0,22.0012,32149
2023-12-07 05:00:00,21.89,21.91,21.6,21.79,16758464.0,21.7662,30497
2023-12-08 05:00:00,21.35,21.56,21.015,21.1,28746451.0,21.2694,50679
2023-12-11 05:00:00,20.965,21.0,20.81,20.91,22883655.0,20.896,32309
2023-12-12 05:00:00,20.965,20.975,20.78,20.84,12118699.0,20.8904,20284
2023-12-13 05:00:00,20.75,21.78,20.6123,21.77,35068023.0,21.2682,48587
2023-12-14 05:00:00,21.99,22.18,21.99,22.15,21384058.0,22.0961,34893
2023-12-15 05:00:00,21.98,22.025,21.75,21.83,13077984.0,21.8922,25264
2023-12-18 05:00:00,21.88,21.88,21.66,21.8,12927446.0,21.769,21114
2023-12-19 05:00:00,21.91,22.13,21.89,22.03,12752745.0,22.0427,22448
2023-12-20 05:00:00,22.26,22.31,22.04,22.04,12523604.0,22.202,22970
2023-12-21 05:00:00,22.28,22.42,22.195,22.31,17063588.0,22.2901,28513
2023-12-22 05:00:00,22.41,22.5252,22.05,22.12,17235831.0,22.2806,26368
2023-12-26 05:00:00,22.21,22.22,22.04,22.2,11861737.0,22.1594,24683
2023-12-27 05:00:00,22.1,22.395,22.09,22.23,13898442.0,22.2472,26790
2023-12-28 05:00:00,22.17,22.25,21.96,21.99,11257823.0,22.0904,22728
2023-12-29 05:00:00,21.62,21.95,21.56,21.78,13161231.0,21.8059,26956
2024-01-02 05:00:00,21.89,21.99,21.64,21.65,13277809.0,21.7881,26170
2024-01-03 05:00:00,21.08,21.22,20.91,21.06,26373830.0,21.0479,44571
2024-01-04 05:00:00,20.92,21.1,20.77,21.08,11971961.0,20.9888,25134
2024-01-05 05:00:00,21.15,21.53,21.0344,21.21,21401777.0,21.2989,30893
2024-01-08 05:00:00,21.07,21.245,21.0,21.13,9527905.0,21.1365,18998
2024-01-09 05:00:00,21.22,21.25,20.96,21.0,10772341.0,21.0524,19897
2024-01-10 05:00:00,20.93,21.0175,20.85,20.94,12093724.0,20.933,18546
2024-01-11 05:00:00,20.97,21.0722,20.57,20.82,21816130.0,20.7737,31051
2024-01-12 05:00:00,21.39,21.54,21.11,21.19,18914513.0,21.3197,29590
2024-01-16 05:00:00,21.14,21.1698,20.92,20.96,16953012.0,21.0064,32493
2024-01-17 05:00:00,20.779,20.7954,20.61,20.65,18249133.0,20.6848,30029
2024-01-18 05:00:00,20.56,20.84,20.535,20.81,10585882.0,20.7197,17062
2024-01-19 05:00:00,20.77,20.77,20.56,20.67,12574469.0,20.665,19759
2024-01-22 05:00:00,20.12,20.41,20.07,20.22,18292228.0,20.2536,28070
2024-01-23 05:00:00,20.44,20.56,20.4,20.53,13096660.0,20.4857,18188
2024-01-24 05:00:00,20.98,21.0,20.7,20.71,24238798.0,20.81,27487
2024-01-25 05:00:00,20.95,21.07,20.79,20.94,15755435.0,20.9266,22302
2024-01-26 05:00:00,20.81,20.9212,20.7701,20.86,7980560.0,20.841,15626
2024-01-29 05:00:00,21.03,21.25,20.835,21.21,14309384.0,21.0889,25772
2024-01-30 05:00:00,21.29,21.33,20.9901,21.19,10734398.0,21.1497,17260
2024-01-31 05:00:00,21.2,21.35,20.84,20.91,19870401.0,21.117,31038
2024-02-01 05:00:00,20.94,21.28,20.88,21.21,28714417.0,21.1172,30815
2024-02-02 05:00:00,20.61,20.79,20.5,20.75,24324384.0,20.6913,35238
2024-02-05 05:00:00,20.44,20.55,20.38,20.47,16531733.0,20.4493,29900
2024-02-06 05:00:00,20.43,20.58,20.3926,20.51,9007543.0,20.5028,16037
2024-02-07 05:00:00,20.43,20.54,20.32,20.33,12084059.0,20.4238,20965
2024-02-08 05:00:00,20.44,20.71,20.3801,20.65,16547610.0,20.5757,23106
2024-02-09 05:00:00,20.56,20.72,20.46,20.68,10620945.0,20.5904,19328
2024-02-12 05:00:00,20.63,20.84,20.6,20.76,11006451.0,20.7487,18492
2024-02-13 05:00:00,20.43,20.44,20.11,20.2,22824200.0,20.2535,32478
2024-02-14 05:00:00,20.23,20.55,20.21,20.44,13085086.0,20.4024,25723
2024-02-15 05:00:00,20.84,21.0799,20.83,20.94,26720400.0,20.952,37328
2024-02-16 05:00:00,21.07,21.5,20.91,21.39,20251776.0,21.2634,31937
2024-02-20 05:00:00,21.17,21.19,21.03,21.07,9047232.0,21.1037,19367
2024-02-21 05:00:00,21.09,21.095,20.815,20.96,9415462.0,20.9385,19175
2024-02-22 05:00:00,20.92,20.97,20.8,20.82,16728579.0,20.8513,19009
2024-02-23 05:00:00,20.8,21.04,20.69,20.99,15186492.0,20.9036,21390
2024-02-26 05:00:00,20.61,20.6899,20.54,20.62,14409313.0,20.6032,27689
2024-02-27 05:00:00,20.72,20.74,20.51,20.57,10175095.0,20.615,14276
2024-02-28 05:00:00,20.51,20.555,20.45,20.55,8303843.0,20.4957,14755
2024-02-29 05:00:00,20.75,20.79,20.615,20.73,10459566.0,20.7223,16894
2024-03-01 05:00:00,20.8,21.28,20.64,21.17,23570225.0,21.0522,31964
2024-03-04 05:00:00,21.43,21.9,21.39,21.86,26016589.0,21.6722,40725
2024-03-05 05:00:00,21.96,22.06,21.64,21.67,22277042.0,21.8132,37020
2024-03-06 05:00:00,21.86,22.2299,21.86,22.1,31037661.0,22.0651,43734
2024-03-07 05:00:00,22.14,22.41,22.12,22.24,18890510.0,22.2826,31651
2024-03-08 05:00:00,22.23,22.45,22.12,22.23,27245877.0,22.2693,36601
2024-03-11 04:00:00,22.33,22.435,22.235,22.35,15364530.0,22.3645,26841
2024-03-12 04:00:00,22.21,22.22,21.9651,22.09,16339626.0,22.1042,31835
2024-03-13 04:00:00,22.31,22.8775,22.26,22.79,27121541.0,22.6548,43212
2024-03-14 04:00:00,22.91,22.94,22.62,22.73,14705285.0,22.7595,26064
2024-03-15 04:00:00,23.05,23.275,22.9701,23.03,28077931.0,23.1208,39134
2024-03-18 04:00:00,23.13,23.13,22.85,22.91,11920429.0,22.9712,23042
2024-03-19 04:00:00,22.79,22.84,22.615,22.79,13406933.0,22.7654,23911
2024-03-20 04:00:00,22.71,23.45,22.7,23.29,31945051.0,23.1387,54876
2024-03-21 04:00:00,23.14,23.16,22.53,22.65,31163646.0,22.7804,63988
2024-03-22 04:00:00,22.65,22.82,22.52,22.56,17183595.0,22.6834,29644
2024-03-25 04:00:00,22.6,22.73,22.55,22.58,10066735.0,22.626,18424
2024-03-26 04:00:00,22.61,22.615,22.29,22.34,18183618.0,22.4107,28708
2024-03-27 04:00:00,22.34,22.555,22.34,22.51,12551830.0,22.475,21887
2024-03-28 04:00:00,22.48,22.8,22.415,22.75,29105430.0,22.6671,41070
2024-04-01 04:00:00,23.187,23.2,22.63,22.86,22490725.0,22.8714,37358
2024-04-02 04:00:00,23.33,23.8951,23.24,23.84,58416685.0,23.5837,79849
2024-04-03 04:00:00,24.27,24.76,24.17,24.73,61360131.0,24.4878,88505
2024-04-04 04:00:00,24.571,24.95,24.385,24.49,54231424.0,24.6862,72469
2024-04-05 04:00:00,24.49,25.14,24.392,25.03,43238224.0,24.9088,72530
2024-04-08 04:00:00,25.36,25.4899,24.9,25.4,40708910.0,25.2994,58221
2024-04-09 04:00:00,25.75,25.9,25.255,25.72,41006134.0,25.6192,70635
2024-04-10 04:00:00,25.33,26.08,25.17,25.45,50614096.0,25.6042,83754
2024-04-11 04:00:00,25.69,26.04,25.38,26.01,28595209.0,25.723,49884
2024-04-12 04:00:00,26.8,27.24,25.52,25.63,117678285.0,26.331,177497
2024-04-15 04:00:00,26.21,26.42,25.69,26.41,51965111.0,26.1197,99575
2024-04-16 04:00:00,26.07,26.07,25.55,25.8,56256224.0,25.8115,91430
2024-04-17 04:00:00,26.13,26.3376,25.71,25.85,46667338.0,26.0373,69609
2024-04-18 04:00:00,26.11,26.16,25.74,25.86,26818157.0,25.9148,47565
2024-04-19 04:00:00,25.93,26.3203,25.9044,26.2,29321211.0,26.1307,48635
2024-04-22 04:00:00,24.95,25.19,24.79,24.93,37156877.0,24.9728,66946
2024-04-23 04:00:00,24.66,25.04,24.63,24.99,37046803.0,24.9158,55520
2024-04-24 04:00:00,24.88,25.05,24.78,24.9,19783642.0,24.9151,31543
2024-04-25 04:00:00,24.86,25.22,24.81,25.06,32678392.0,25.0065,71017
2024-04-26 04:00:00,25.19,25.22,24.75,24.89,26821268.0,24.9603,62455
2024-04-29 04:00:00,24.87,25.0775,24.68,24.83,23922201.0,24.9007,67056
2024-04-30 04:00:00,24.24,24.37,24.02,24.05,32400081.0,24.1668,53218
2024-05-01 04:00:00,24.18,24.65,24.09,24.27,42815391.0,24.3164,65794
2024-05-02 04:00:00,23.95,24.47,23.9201,24.36,24968826.0,24.2478,37631
2024-05-03 04:00:00,24.21,24.3,23.87,24.22,26859138.0,24.0861,44760
2024-05-06 04:00:00,24.99,25.13,24.83,25.07,27627359.0,24.9977,41223
2024-05-07 04:00:00,25.03,25.1,24.875,24.92,14811473.0,24.9784,23844
2024-05-08 04:00:00,24.89,25.12,24.8218,24.95,16967362.0,25.0181,28225
2024-05-09 04:00:00,25.32,25.88,25.3,25.86,32734879.0,25.6942,51565
2024-05-10 04:00:00,25.98,26.05,25.6203,25.77,24489749.0,25.8385,43826
2024-05-13 04:00:00,25.83,25.9262,25.65,25.8,15222898.0,25.8049,25664
2024-05-14 04:00:00,26.0,26.27,25.855,26.13,20065027.0,26.0499,34516
2024-05-15 04:00:00,26.58,27.18,26.0685,27.12,39872396.0,26.7499,64441
2024-05-16 04:00:00,26.98,27.17,26.79,27.06,19821317.0,27.0133,33153
2024-05-17 04:00:00,27.86,28.84,27.55,28.79,52708096.0,28.2368,84423
2024-05-20 04:00:00,28.93,29.56,28.41,28.98,58184710.0,29.093,93845
2024-05-21 04:00:00,29.1,29.51,28.82,29.27,30700263.0,29.2032,55489
2024-05-22 04:00:00,29.06,29.06,28.105,28.22,48609703.0,28.4797,80952
2024-05-23 04:00:00,28.11,28.28,27.47,27.55,39911249.0,27.7611,67491
2024-05-24 04:00:00,27.93,27.99,27.61,27.74,14534572.0,27.7707,32015
2024-05-28 04:00:00,29.3,29.34,28.69,29.24,31041747.0,29.1198,59948
2024-05-29 04:00:00,29.07,29.47,28.98,29.17,20708374.0,29.2422,43775
2024-05-30 04:00:00,28.83,29.05,28.315,28.42,22268883.0,28.6614,45002
2024-05-31 04:00:00,28.77,28.855,27.58,27.76,31957555.0,28.035,62804
2024-06-03 04:00:00,27.82,28.145,27.56,27.89,18155950.0,27.8631,42376
2024-06-04 04:00:00,27.31,27.31,26.84,27.02,28858394.0,27.0093,60207
2024-06-05 04:00:00,27.12,27.455,26.895,27.4,18175268.0,27.229,38126
2024-06-06 04:00:00,27.82,28.63,27.6855,28.53,27649958.0,28.2629,53857
2024-06-07 04:00:00,27.29,27.3,26.61,26.67,43868915.0,26.9215,84005
2024-06-10 04:00:00,27.07,27.24,26.85,27.12,17099226.0,27.0831,34490
2024-06-11 04:00:00,26.73,26.81,26.56,26.71,13338933.0,26.6777,31475
2024-06-12 04:00:00,27.5,27.5699,26.94,27.03,27934783.0,27.2386,48622
2024-06-13 04:00:00,26.79,26.93,26.17,26.43,21680284.0,26.475,42664
2024-06-14 04:00:00,26.63,27.03,26.5,27.01,25973295.0,26.8378,40047
2024-06-17 04:00:00,26.9,26.936,26.56,26.92,15015951.0,26.7555,24865
2024-06-18 04:00:00,26.65,27.01,26.65,26.96,12033453.0,26.8747,26649
2024-06-20 04:00:00,27.51,28.12,27.41,28.0,22897974.0,27.8918,45927
2024-06-21 04:00:00,27.55,27.565,26.91,26.98,26983546.0,27.1259,43975
2024-06-24 04:00:00,27.06,27.14,26.8801,27.0,12836322.0,27.0066,21243
2024-06-25 04:00:00,26.78,26.7897,26.34,26.4,15555859.0,26.5261,30876
2024-06-26 04:00:00,26.16,26.4451,26.09,26.31,13855742.0,26.303,23054
2024-06-27 04:00:00,26.56,26.66,26.3515,26.45,11124585.0,26.4882,19143
2024-06-28 04:00:00,26.88,26.89,26.54,26.57,10426509.0,26.7189,21374
2024-07-01 04:00:00,26.72,26.92,26.6,26.85,12587332.0,26.7711,22232
2024-07-02 04:00:00,26.85,27.23,26.775,26.97,12171953.0,27.0026,23934
2024-07-03 04:00:00,27.71,28.01,27.68,27.84,16834191.0,27.8411,29410
2024-07-05 04:00:00,28.16,28.75,28.0848,28.48,23018614.0,28.4399,42686
2024-07-08 04:00:00,28.35,28.51,27.79,28.13,19742929.0,28.1399,31697
2024-07-09 04:00:00,28.32,28.4299,27.87,28.12,14035893.0,28.1347,26484
2024-07-10 04:00:00,28.29,28.46,27.99,28.16,13142642.0,28.2113,25052
2024-07-11 04:00:00,28.75,28.91,28.4799,28.68,20141467.0,28.7067,38630
2024-07-12 04:00:00,28.0,28.3093,27.94,28.12,15380038.0,28.1496,31776
2024-07-15 04:00:00,28.09,28.39,27.87,28.03,13426733.0,28.1177,27445
2024-07-16 04:00:00,28.03,28.6797,27.98,28.61,17280195.0,28.4232,32267
2024-07-17 04:00:00,28.25,28.36,27.43,27.67,34443429.0,27.7874,54005
2024-07-18 04:00:00,27.76,27.79,27.1401,27.2,15566197.0,27.4348,29011
2024-07-19 04:00:00,26.4,26.74,26.365,26.69,20111207.0,26.6072,36739
2024-07-22 04:00:00,26.44,26.66,26.31,26.63,12069803.0,26.4985,25092
2024-07-23 04:00:00,26.49,26.68,26.42,26.68,10184534.0,26.5484,17454
2024-07-24 04:00:00,26.73,26.89,26.41,26.43,12474500.0,26.6612,23914
2024-07-25 04:00:00,25.24,25.54,25.17,25.41,31711429.0,25.3457,50765
2024-07-26 04:00:00,25.39,25.525,25.21,25.48,12442433.0,25.3877,28914
2024-07-29 04:00:00,25.54,25.575,24.93,25.44,16616685.0,25.279,30150
2024-07-30 04:00:00,25.57,25.935,25.33,25.83,14896287.0,25.6771,25123
2024-07-31 04:00:00,26.23,26.5,26.06,26.39,23227941.0,26.3137,30836
2024-08-01 04:00:00,26.53,26.555,25.75,26.03,19796814.0,26.0582,34477
2024-08-02 04:00:00,26.44,26.4997,25.5,26.04,25324992.0,25.9677,41745
2024-08-05 04:00:00,24.63,25.0374,24.54,24.86,36392880.0,24.7888,65683
2024-08-06 04:00:00,24.53,24.89,24.48,24.64,18307955.0,24.7019,36508
2024-08-07 04:00:00,24.68,24.77,24.25,24.33,12709862.0,24.4996,28656
2024-08-08 04:00:00,24.72,25.18,24.635,25.01,17704433.0,24.9862,28944
2024-08-09 04:00:00,25.1,25.2499,24.88,25.0,15934047.0,25.0479,23515
2024-08-12 04:00:00,25.38,25.6,25.12,25.49,15323079.0,25.4145,25327
2024-08-13 04:00:00,25.21,25.44,25.1101,25.42,11860542.0,25.2919,22765
2024-08-14 04:00:00,25.26,25.41,24.8044,25.13,14114371.0,25.0859,27796
2024-08-15 04:00:00,25.8,26.0187,25.46,25.86,17205980.0,25.8145,29815
2024-08-16 04:00:00,25.86,26.44,25.77,26.43,19315681.0,26.1581,36247
2024-08-19 04:00:00,26.45,26.895,26.3701,26.83,20102848.0,26.7138,32873
2024-08-20 04:00:00,27.3,27.355,26.73,26.87,20454476.0,26.992,34697
2024-08-21 04:00:00,26.92,27.1399,26.66,26.95,18449498.0,26.9156,28356
2024-08-22 04:00:00,26.92,26.93,26.2612,26.39,23972696.0,26.5221,35764
2024-08-23 04:00:00,26.71,27.27,26.63,27.2,21713299.0,27.0718,40460
2024-08-26 04:00:00,27.4,27.42,27.125,27.32,8812373.0,27.2911,23188
2024-08-27 04:00:00,27.25,27.46,27.1,27.36,10591710.0,27.2354,17178
2024-08-28 04:00:00,26.86,26.86,26.53,26.69,11564233.0,26.7298,24920
2024-08-29 04:00:00,26.71,27.05,26.63,26.81,11793832.0,26.8743,22820
2024-08-30 04:00:00,26.68,26.8,26.185,26.35,15762114.0,26.4294,29290
2024-09-03 04:00:00,25.83,25.846,25.2701,25.58,17149088.0,25.521,43815
2024-09-04 04:00:00,25.62,25.8799,25.58,25.68,11322409.0,25.7128,23178
2024-09-05 04:00:00,26.38,26.61,26.15,26.23,14573642.0,26.3498,29206
2024-09-06 04:00:00,26.25,26.345,25.27,25.48,23805424.0,25.7362,44192
2024-09-09 04:00:00,25.72,25.88,25.585,25.85,8774848.0,25.7701,19844
2024-09-10 04:00:00,25.96,25.96,25.575,25.94,9395367.0,25.8181,19481
2024-09-11 04:00:00,26.05,26.215,25.62,26.12,11052157.0,25.9889,25778
2024-09-12 04:00:00,26.64,27.28,26.565,27.27,22552650.0,26.9932,45399
2024-09-13 04:00:00,27.87,28.205,27.7601,28.02,28629437.0,27.9392,53103
2024-09-16 04:00:00,28.27,28.29,27.9,28.07,14701627.0,28.0752,30154
2024-09-17 04:00:00,28.02,28.27,27.835,27.96,15504327.0,28.04,27426
2024-09-18 04:00:00,27.95,28.5,27.09,27.24,35165906.0,27.7504,64407
2024-09-19 04:00:00,28.25,28.39,27.92,28.09,18852818.0,28.1907,38259
2024-09-20 04:00:00,28.4,28.595,28.18,28.41,21649446.0,28.4183,40040
2024-09-23 04:00:00,28.23,28.3,27.93,27.98,24206300.0,28.0781,39278
2024-09-24 04:00:00,28.27,29.44,28.165,29.38,41629944.0,28.9387,68400
2024-09-25 04:00:00,29.1,29.416,28.8,29.06,26626986.0,29.0789,47805
2024-09-26 04:00:00,29.32,29.4597,28.9446,29.26,23692036.0,29.2796,45829
2024-09-27 04:00:00,29.34,29.465,28.59,28.86,27109632.0,28.9324,50102
2024-09-30 04:00:00,28.51,28.54,28.17,28.41,16606177.0,28.367,40427
2024-10-01 04:00:00,28.78,29.06,28.545,28.58,23796392.0,28.7728,45419
2024-10-02 04:00:00,29.13,29.46,28.68,29.0,21103120.0,29.0572,48806
2024-10-03 04:00:00,28.91,29.37,28.79,29.23,18907409.0,29.0916,36573
2024-10-04 04:00:00,29.23,30.07,28.98,29.36,39104902.0,29.4365,73792
2024-10-07 04:00:00,29.01,29.08,28.705,28.93,20871950.0,28.9089,43553
2024-10-08 04:00:00,28.41,28.53,27.47,28.01,39037162.0,27.8946,71997
2024-10-09 04:00:00,27.62,27.9899,27.56,27.86,20157868.0,27.7921,38234
2024-10-10 04:00:00,27.97,28.43,27.92,28.38,18329138.0,28.2273,35572
2024-10-11 04:00:00,28.6,28.87,28.59,28.8,17096611.0,28.7597,30957
2024-10-14 04:00:00,28.47,28.755,28.295,28.54,13515674.0,28.4835,29357
2024-10-15 04:00:00,28.52,28.9,28.42,28.71,16871728.0,28.7056,32182
2024-10-16 04:00:00,29.12,29.35,28.77,28.91,17789696.0,29.0476,38230
2024-10-17 04:00:00,28.92,29.195,28.55,28.89,15369539.0,28.9141,30470
2024-10-18 04:00:00,29.47,30.72,29.419,30.64,45090394.0,30.1458,85215
2024-10-21 04:00:00,31.13,31.23,30.5107,30.85,36669689.0,30.8772,67284
2024-10-22 04:00:00,31.4,31.8,31.24,31.74,37066103.0,31.5897,72554
2024-10-23 04:00:00,31.1,31.11,30.4801,30.71,37351702.0,30.7702,72766
2024-10-24 04:00:00,31.19,31.23,30.295,30.69,29251535.0,30.7042,48534
2024-10-25 04:00:00,30.58,31.02,30.47,30.63,19517548.0,30.7336,42844
2024-10-28 04:00:00,30.71,30.99,30.615,30.73,16296856.0,30.763,34918
2024-10-29 04:00:00,31.17,31.51,31.055,31.39,22508751.0,31.2918,49445
2024-10-30 04:00:00,30.74,30.975,30.4546,30.81,20900078.0,30.7923,47800
2024-10-31 04:00:00,30.34,30.36,29.62,29.81,33075021.0,29.8658,60153
2024-11-01 04:00:00,30.06,30.185,29.475,29.54,22164872.0,29.7912,50105
2024-11-04 05:00:00,29.8,29.885,29.43,29.63,13044450.0,29.6677,28201
2024-11-05 05:00:00,29.95,30.015,29.6913,29.75,12188524.0,29.8054,28328
2024-11-06 05:00:00,28.19,28.6499,28.105,28.43,33037962.0,28.3958,83555
2024-11-07 05:00:00,28.921,29.2999,28.79,29.11,21432198.0,28.9898,50832
2024-11-08 05:00:00,28.97,29.0301,28.43,28.48,20235195.0,28.6181,51430
2024-11-11 05:00:00,27.97,28.02,27.72,27.97,24582565.0,27.8949,56749
2024-11-12 05:00:00,28.0,28.0887,27.79,28.07,16561238.0,27.9208,38851
2024-11-13 05:00:00,28.25,28.28,27.595,27.61,16530469.0,27.874,38307
2024-11-14 05:00:00,27.59,27.935,27.51,27.81,18059874.0,27.7127,35293
2024-11-15 05:00:00,28.04,28.075,27.5,27.57,18838435.0,27.7389,32193
2024-11-18 05:00:00,28.18,28.495,28.16,28.38,15763434.0,28.3538,34854
2024-11-19 05:00:00,28.46,28.53,28.29,28.5,12751082.0,28.433,25500
2024-11-20 05:00:00,28.39,28.4501,28.05,28.1,11137947.0,28.2352,23679
2024-11-21 05:00:00,28.27,28.3,27.92,28.04,11030532.0,28.0924,24559
2024-11-22 05:00:00,28.27,28.55,28.2001,28.47,13173879.0,28.4517,26517
2024-11-25 05:00:00,27.72,27.74,27.4,27.63,22478397.0,27.6091,45673
2024-11-26 05:00:00,27.8,27.83,27.6,27.8,10484676.0,27.746,21578
2024-11-27 05:00:00,27.75,27.835,27.315,27.45,22858646.0,27.4839,33384
2024-11-29 05:00:00,27.97,28.015,27.815,27.92,9663876.0,27.933,20958
2024-12-02 05:00:00,27.85,27.8699,27.61,27.79,9925388.0,27.7553,22596
2024-12-03 05:00:00,28.23,28.33,27.99,28.28,14543616.0,28.2063,26745
2024-12-04 05:00:00,28.361,28.6899,28.3,28.53,22762388.0,28.475,39555
2024-12-05 05:00:00,28.49,28.5895,28.255,28.56,16122956.0,28.43,24231
2024-12-06 05:00:00,28.32,28.495,28.08,28.25,13195508.0,28.2927,26078
2024-12-09 05:00:00,29.21,29.43,28.9502,28.98,37481105.0,29.1856,54782
2024-12-10 05:00:00,29.17,29.25,28.97,28.99,43997024.0,29.1057,33909
2024-12-11 05:00:00,28.95,29.3382,28.9,29.04,23582343.0,29.1217,40878
2024-12-12 05:00:00,28.62,28.6355,28.12,28.2,34794107.0,28.3381,53942
2024-12-13 05:00:00,27.84,27.87,27.59,27.75,20326690.0,27.7695,36801
2024-12-16 05:00:00,27.91,27.91,27.76,27.8,9124917.0,27.8468,22837
2024-12-17 05:00:00,27.71,27.84,27.47,27.81,17504682.0,27.7065,26031
2024-12-18 05:00:00,27.556,27.635,26.77,26.85,27794511.0,27.1742,49251
2024-12-19 05:00:00,26.57,26.65,26.19,26.52,31083850.0,26.4061,54648
2024-12-20 05:00:00,26.61,27.06,26.58,26.92,17487646.0,26.8386,32273
2024-12-23 05:00:00,26.93,27.07,26.79,26.99,14473868.0,26.9791,28878
2024-12-24 05:00:00,27.0,27.05,26.88,27.02,3967749.0,26.9742,10655
2024-12-26 05:00:00,27.12,27.21,26.93,27.14,8274160.0,27.1049,17849
2024-12-27 05:00:00,26.89,26.96,26.72,26.76,9643547.0,26.8025,23406
2024-12-30 05:00:00,26.6,26.61,26.24,26.43,18853855.0,26.4114,44088
2024-12-31 05:00:00,26.23,26.4399,26.22,26.33,8008410.0,26.3129,20016
2025-01-02 05:00:00,26.72,26.96,26.7,26.93,12368024.0,26.857,28708
2025-01-03 05:00:00,27.19,27.23,26.9101,26.98,8637568.0,27.0705,22591
2025-01-06 05:00:00,27.13,27.485,27.07,27.24,13037034.0,27.3178,29608
2025-01-07 05:00:00,27.64,27.6762,27.31,27.33,17407684.0,27.4201,27910
2025-01-08 05:00:00,27.61,27.65,27.145,27.4,12926267.0,27.413,24271
2025-01-10 05:00:00,27.93,27.94,27.55,27.61,24079103.0,27.715,50577
2025-01-13 05:00:00,27.0,27.185,26.87,26.96,16965391.0,27.032,38266
2025-01-14 05:00:00,27.03,27.305,27.01,27.2,11798038.0,27.18,23782
2025-01-15 05:00:00,27.69,27.98,27.465,27.96,19890722.0,27.8049,42064
2025-01-16 05:00:00,27.98,28.2,27.8801,28.04,20900116.0,28.0493,33762
2025-01-17 05:00:00,27.5,27.755,27.44,27.61,18974590.0,27.6055,36285
2025-01-21 05:00:00,27.94,28.07,27.85,28.04,15214406.0,27.9786,30967
2025-01-22 05:00:00,27.96,28.16,27.82,28.05,21195097.0,28.0457,33535
2025-01-23 05:00:00,27.52,27.7799,27.4123,27.77,23481070.0,27.626,42398
2025-01-24 05:00:00,27.94,28.08,27.805,27.91,13750110.0,27.9646,28388
2025-01-27 05:00:00,27.5,27.74,27.05,27.46,22691539.0,27.4233,46045
2025-01-28 05:00:00,27.53,27.76,27.385,27.63,15636495.0,27.6376,26190
2025-01-29 05:00:00,28.06,28.21,27.85,28.0,28857813.0,28.0367,52110
2025-01-30 05:00:00,28.65,28.9,28.53,28.72,38787658.0,28.7238,66907
2025-01-31 05:00:00,28.77,28.845,28.39,28.51,26121557.0,28.6183,49970
2025-02-03 05:00:00,28.55,28.85,28.2,28.67,31728850.0,28.6257,72476
2025-02-04 05:00:00,29.11,29.48,29.0212,29.22,41977317.0,29.3045,70407
2025-02-05 05:00:00,29.36,29.625,29.31,29.35,34873726.0,29.4503,63223
2025-02-06 05:00:00,29.24,29.41,28.905,29.38,17723150.0,29.2461,49182
2025-02-07 05:00:00,29.57,29.74,28.94,29.03,26954012.0,29.3128,55125
2025-02-10 05:00:00,29.15,29.36,29.075,29.2,14171332.0,29.2192,33550
2025-02-11 05:00:00,28.86,29.1099,28.82,29.0,13779087.0,28.9749,40366
2025-02-12 05:00:00,29.2,29.47,29.07,29.34,16716625.0,29.282,36163
2025-02-13 05:00:00,29.19,29.48,29.12,29.46,17030678.0,29.3164,31915
2025-02-14 05:00:00,30.24,30.275,29.2,29.31,34965914.0,29.7321,79245
2025-02-18 05:00:00,29.62,29.96,29.57,29.91,20511069.0,29.8061,44865
2025-02-19 05:00:00,29.75,29.84,29.53,29.81,13660551.0,29.7517,33462
2025-02-20 05:00:00,29.98,30.13,29.88,29.95,15420400.0,30.0106,35542
2025-02-21 05:00:00,30.02,30.03,29.5799,29.59,15515828.0,29.729,40395
2025-02-24 05:00:00,29.57,29.615,29.21,29.44,13995203.0,29.3922,33614
2025-02-25 05:00:00,29.17,29.3,28.47,28.83,22142398.0,28.8171,54998
2025-02-26 05:00:00,28.78,29.1,28.66,28.94,10231022.0,28.9533,26437
2025-02-27 05:00:00,28.94,28.94,28.3842,28.4,16680008.0,28.6094,36738
2025-02-28 05:00:00,28.18,28.4,28.04,28.31,13691961.0,28.2431,32594
2025-03-03 05:00:00,28.86,28.9899,28.66,28.75,16521966.0,28.8458,38745
2025-03-04 05:00:00,29.04,29.14,28.64,29.0,13767860.0,28.9158,37123
2025-03-05 05:00:00,29.23,29.78,29.21,29.77,25486330.0,29.5867,51337
2025-03-06 05:00:00,29.5,29.83,29.47,29.69,16888484.0,29.7216,37967
2025-03-07 05:00:00,29.39,29.675,29.22,29.59,18786435.0,29.5011,41406
2025-03-10 04:00:00,29.56,29.5799,29.06,29.11,15888985.0,29.2641,39804
2025-03-11 04:00:00,29.59,30.02,29.58,29.96,23227815.0,29.843,53674
2025-03-12 04:00:00,30.02,30.335,29.935,30.22,18764800.0,30.1683,40117
2025-03-13 04:00:00,30.2,30.9,30.13,30.74,37624032.0,30.6367,72490
2025-03-14 04:00:00,30.91,30.93,30.5101,30.71,23520653.0,30.6996,53392
2025-03-17 04:00:00,30.42,30.85,30.42,30.81,20973689.0,30.7401,32274
2025-03-18 04:00:00,31.1,31.15,30.815,30.85,20424556.0,30.9552,41996
2025-03-19 04:00:00,30.68,30.88,30.445,30.75,23258471.0,30.6088,48407
2025-03-20 04:00:00,30.27,30.5385,30.23,30.5,12842059.0,30.4149,34431
2025-03-21 04:00:00,30.21,30.25,29.7211,30.02,17198896.0,29.9847,37402
2025-03-24 04:00:00,30.13,30.24,29.92,29.96,17493688.0,30.0458,29440
2025-03-25 04:00:00,30.55,30.755,30.515,30.58,19168007.0,30.6249,33782
2025-03-26 04:00:00,30.71,30.7599,30.48,30.53,13648352.0,30.6269,24131
2025-03-27 04:00:00,30.77,31.38,30.68,31.32,34298437.0,31.1951,71029
2025-03-28 04:00:00,31.39,31.41,30.86,31.0,25160215.0,31.1048,57144
2025-03-31 04:00:00,30.77,31.02,30.48,30.99,18403275.0,30.8293,47352
2025-04-01 04:00:00,30.87,30.91,30.435,30.63,22261813.0,30.6576,47012
2025-04-02 04:00:00,30.74,30.9651,30.64,30.76,20976578.0,30.7914,41081
2025-04-03 04:00:00,28.949,29.505,28.855,28.89,46008085.0,29.1404,100945
2025-04-04 04:00:00,27.96,28.02,26.57,27.08,73174467.0,27.17,162572
2025-04-07 04:00:00,27.3,27.835,26.92,27.14,37531574.0,27.2955,89525
2025-04-08 04:00:00,27.63,27.7794,26.96,27.14,19629434.0,27.3112,52524
2025-04-09 04:00:00,27.61,28.24,27.45,28.06,38180143.0,27.8646,82890
2025-04-10 04:00:00,28.11,28.42,27.805,28.28,23059806.0,28.1858,54991
2025-04-11 04:00:00,28.79,29.37,28.68,29.19,36908492.0,29.1346,79194
2025-04-14 04:00:00,29.1,29.46,28.88,29.38,29268890.0,29.2472,51708
2025-04-15 04:00:00,29.36,29.46,29.2,29.41,24273711.0,29.347,33150
2025-04-16 04:00:00,29.85,30.02,29.7,29.76,21282458.0,29.8629,50080
2025-04-17 04:00:00,29.54,29.69,29.17,29.55,13649370.0,29.4368,39939
2025-04-21 04:00:00,29.95,30.0079,29.55,29.79,17295370.0,29.7869,46876
2025-04-22 04:00:00,29.79,30.15,29.5,29.5,27253642.0,29.7538,58691
2025-04-23 04:00:00,29.81,30.62,29.71,30.56,31975021.0,30.3719,68998
2025-04-24 04:00:00,30.31,30.59,30.13,30.56,15405484.0,30.3841,36505
2025-04-25 04:00:00,29.96,30.1,29.79,30.05,19325993.0,29.9724,38138
2025-04-28 04:00:00,30.08,30.2,29.83,30.19,18288042.0,30.0768,27301
2025-04-29 04:00:00,30.45,30.5,29.82,29.83,24967338.0,30.0924,38534
2025-04-30 04:00:00,29.68,29.81,29.442,29.6,22126718.0,29.6366,32017
2025-05-01 04:00:00,29.41,29.55,29.17,29.39,14830500.0,29.3633,32355
2025-05-02 04:00:00,29.62,29.645,29.04,29.12,14040923.0,29.1954,41589
2025-05-05 04:00:00,29.55,29.56,29.25,29.48,10052317.0,29.4314,28619
2025-05-06 04:00:00,30.2,30.24,30.0,30.22,17870815.0,30.159,38525
2025-05-07 04:00:00,29.77,29.87,29.32,29.49,14119054.0,29.6025,35037
2025-05-08 04:00:00,29.6,29.7798,29.36,29.46,13209301.0,29.5873,34400
2025-05-09 04:00:00,29.7,29.89,29.65,29.8,8963013.0,29.77,24981
2025-05-12 04:00:00,29.67,29.7403,29.425,29.63,14641979.0,29.5584,36936
2025-05-13 04:00:00,29.69,30.005,29.6148,29.93,13094082.0,29.8841,31524
2025-05-14 04:00:00,29.43,29.51,29.16,29.25,14048461.0,29.3134,36882
2025-05-15 04:00:00,29.25,29.62,29.18,29.61,10062161.0,29.447,27184
2025-05-16 04:00:00,29.2,29.38,29.095,29.3,9275626.0,29.2536,25704
2025-05-19 04:00:00,29.43,29.53,29.305,29.42,11078106.0,29.4339,21292
2025-05-20 04:00:00,29.53,30.13,29.5,30.13,14474144.0,29.9577,34122
2025-05-21 04:00:00,30.18,30.525,30.1,30.51,19504905.0,30.3658,40892
2025-05-22 04:00:00,30.01,30.11,29.78,30.03,15320486.0,29.9756,35923
2025-05-23 04:00:00,30.19,30.5,30.02,30.45,15098114.0,30.3096,38398
2025-05-27 04:00:00,30.04,30.25,29.98,30.23,12300990.0,30.1073,33911
2025-05-28 04:00:00,30.15,30.225,29.96,29.98,11211747.0,30.0602,25127
2025-05-29 04:00:00,30.29,30.32,30.0501,30.3,12212700.0,30.2335,30853
2025-05-30 04:00:00,30.12,30.19,29.78,30.0,14305416.0,29.9826,31327
2025-06-02 04:00:00,30.85,31.6,30.72,31.59,37873272.0,31.2356,85206
2025-06-03 04:00:00,31.27,31.47,31.07,31.44,23158775.0,31.304,50466
2025-06-04 04:00:00,31.32,31.43,31.23,31.34,19730517.0,31.3175,39998
2025-06-05 04:00:00,32.625,32.775,32.09,32.45,51938525.0,32.475,105827
2025-06-06 04:00:00,32.92,32.98,32.5499,32.69,30260243.0,32.7356,65158
2025-06-09 04:00:00,33.1,33.54,33.0,33.39,33931372.0,33.3116,78899
2025-06-10 04:00:00,33.31,33.36,33.01,33.23,29120894.0,33.1776,58349
2025-06-11 04:00:00,32.92,33.04,32.75,32.95,34712147.0,32.8972,67959
2025-06-12 04:00:00,32.85,33.06,32.79,33.06,21111556.0,32.9547,43301
2025-06-13 04:00:00,33.02,33.0585,32.79,32.97,21713076.0,32.9461,49530
2025-06-16 04:00:00,33.1,33.145,32.895,33.03,14883297.0,33.0364,34529
2025-06-17 04:00:00,33.63,33.865,33.4501,33.74,26824895.0,33.7097,61415
2025-06-18 04:00:00,33.735,33.75,33.205,33.27,21945621.0,33.4469,48696
2025-06-20 04:00:00,32.78,32.79,32.57,32.72,25415247.0,32.7248,60368
2025-06-23 04:00:00,32.81,33.045,32.78,32.96,18661946.0,32.9387,44181
2025-06-24 04:00:00,32.55,32.63,32.06,32.61,20982356.0,32.4108,47778
2025-06-25 04:00:00,32.53,33.01,32.49,33.01,12254294.0,32.7914,29313
2025-06-26 04:00:00,33.13,33.365,33.0,33.34,15255188.0,33.2603,38258
2025-06-27 04:00:00,32.56,32.9,32.53,32.62,17596326.0,32.7516,38887
2025-06-30 04:00:00,32.72,32.82,32.62,32.81,10565323.0,32.7262,28443
2025-07-01 04:00:00,32.93,33.12,32.71,32.73,13436387.0,32.9075,33584
2025-07-02 04:00:00,33.03,33.24,32.93,33.24,13673472.0,33.0925,31286
2025-07-03 04:00:00,33.415,33.55,33.29,33.51,10356220.0,33.4341,24313
2025-07-07 04:00:00,33.06,33.44,33.02,33.43,12132961.0,33.2754,34916
2025-07-08 04:00:00,33.33,33.36,32.97,33.29,17473123.0,33.1874,39304
2025-07-09 04:00:00,33.09,33.1399,32.96,33.0,17764093.0,33.0724,27966
2025-07-10 04:00:00,33.31,33.76,33.1108,33.75,44301493.0,33.4965,70910
2025-07-11 04:00:00,34.2,35.07,34.15,35.03,57917773.0,34.7308,112185
2025-07-14 04:00:00,35.22,35.29,34.61,34.63,40685412.0,34.8747,84120
2025-07-15 04:00:00,34.69,34.7197,34.125,34.26,34082255.0,34.3669,61122
2025-07-16 04:00:00,34.39,34.565,34.05,34.41,26483168.0,34.3503,52397
2025-07-17 04:00:00,34.3,34.68,34.175,34.65,14813461.0,34.473,35446
2025-07-18 04:00:00,34.79,34.86,34.605,34.61,18305346.0,34.7381,35615
2025-07-21 04:00:00,35.11,35.49,35.09,35.35,28710465.0,35.3444,65690
2025-07-22 04:00:00,35.55,35.72,35.17,35.72,25205278.0,35.5282,65214
2025-07-23 04:00:00,35.76,35.91,35.465,35.69,21882762.0,35.6895,52601
2025-07-24 04:00:00,35.36,35.5499,35.24,35.49,11319791.0,35.4344,35511
2025-07-25 04:00:00,35.28,35.39,34.475,34.66,24958313.0,34.8642,56686
2025-07-28 04:00:00,34.65,34.685,34.43,34.64,16543351.0,34.5946,43396
2025-07-29 04:00:00,34.64,34.7799,34.48,34.66,10705702.0,34.6378,28507
2025-07-30 04:00:00,34.12,34.295,33.4,33.51,35325633.0,33.9003,75512
2025-07-31 04:00:00,33.3,33.35,33.1001,33.32,15454449.0,33.24,41430
2025-08-01 04:00:00,33.76,33.77,33.39,33.59,16787158.0,33.5509,40972
2025-08-04 04:00:00,33.93,34.049,33.8501,33.98,9725836.0,33.9352,30252
2025-08-05 04:00:00,34.01,34.41,33.9906,34.35,16451157.0,34.301,36336
2025-08-06 04:00:00,34.39,34.465,34.29,34.35,8747632.0,34.3845,24894
2025-08-07 04:00:00,34.85,34.99,34.52,34.76,21996134.0,34.7284,45593
2025-08-08 04:00:00,34.78,34.89,34.51,34.88,15786088.0,34.7787,40496
2025-08-11 04:00:00,34.34,34.43,34.18,34.18,10749335.0,34.2782,34762
2025-08-12 04:00:00,34.24,34.5318,34.11,34.41,12143898.0,34.3659,29994
2025-08-13 04:00:00,34.87,35.04,34.85,35.0,13185609.0,34.9568,32739
2025-08-14 04:00:00,34.65,34.7454,34.35,34.5,15819732.0,34.522,34457
2025-08-15 04:00:00,34.34,34.52,34.2201,34.5,13881745.0,34.4285,26401
2025-08-18 04:00:00,34.66,34.68,34.4701,34.55,8670779.0,34.546,21825
2025-08-19 04:00:00,34.47,34.54,33.85,33.87,18812899.0,34.0116,39970
2025-08-20 04:00:00,34.21,34.45,34.195,34.43,10903379.0,34.3187,28390
2025-08-21 04:00:00,34.48,34.69,34.45,34.61,10597930.0,34.5781,24234
2025-08-22 04:00:00,34.46,35.4651,34.4001,35.34,26003276.0,35.2049,50953
2025-08-25 04:00:00,35.07,35.35,35.02,35.02,10286441.0,35.1788,27848
2025-08-26 04:00:00,34.9,35.1,34.88,35.02,13836602.0,35.0008,24886
2025-08-27 04:00:00,34.73,35.08,34.61,34.99,10084235.0,34.8934,25545
2025-08-28 04:00:00,35.41,35.52,35.225,35.52,21079110.0,35.423,39610
2025-08-29 04:00:00,35.35,36.29,35.32,36.19,28952948.0,35.9379,63193
2025-09-02 04:00:00,36.625,37.17,36.43,37.15,35875343.0,36.9565,101227
2025-09-03 04:00:00,37.33,37.64,37.18,37.34,27291243.0,37.3888,72210
2025-09-04 04:00:00,37.2,37.22,36.6301,36.93,45258540.0,36.8803,90492
2025-09-05 04:00:00,37.41,37.6,36.97,37.21,25435548.0,37.2602,65395
2025-09-08 04:00:00,37.565,37.825,37.36,37.51,25019722.0,37.5377,68038
2025-09-09 04:00:00,37.43,37.58,37.0101,37.18,24001241.0,37.1817,64643
2025-09-10 04:00:00,37.35,37.485,37.24,37.41,17743557.0,37.367,49269
2025-09-11 04:00:00,37.37,37.915,37.325,37.79,19051458.0,37.6815,51675
2025-09-12 04:00:00,38.24,38.445,38.15,38.34,19902339.0,38.3222,65704
2025-09-15 04:00:00,38.3,38.79,38.25,38.76,22225103.0,38.6064,62813
2025-09-16 04:00:00,39.0,39.01,38.34,38.6,25319748.0,38.6544,67108
2025-09-17 04:00:00,38.04,38.34,37.35,37.79,31045451.0,37.9232,81316
2025-09-18 04:00:00,37.855,38.0,37.61,37.99,13289167.0,37.8752,39001
2025-09-19 04:00:00,38.26,39.12,38.19,39.04,36776297.0,38.7634,84476
2025-09-22 04:00:00,39.5,40.05,39.34,40.04,32055377.0,39.7848,87849
2025-09-23 04:00:00,40.31,40.36,39.79,39.96,28492555.0,40.123,78002
2025-09-24 04:00:00,40.13,40.16,39.635,39.82,31533206.0,39.8691,65019
2025-09-25 04:00:00,40.46,41.055,40.115,41.03,36395828.0,40.6463,90476
2025-09-26 04:00:00,41.23,42.33,41.09,41.86,44578528.0,41.7813,114820
2025-09-29 04:00:00,42.455,42.75,42.18,42.5,41290337.0,42.5391,107612
2025-09-30 04:00:00,41.79,42.46,41.7,42.37,34884238.0,42.1339,106293
2025-10-01 04:00:00,43.03,43.4,42.87,42.91,44341795.0,43.0746,111424
2025-10-02 04:00:00,43.57,43.59,41.66,42.53,58242299.0,42.4592,169683
2025-10-03 04:00:00,43.33,43.95,43.045,43.52,47523541.0,43.5148,125400
2025-10-06 04:00:00,44.005,44.26,43.885,44.06,34113998.0,44.12,116256
2025-10-07 04:00:00,43.97,43.99,42.95,43.39,42769077.0,43.4435,132712
2025-10-08 04:00:00,44.43,45.01,44.275,44.56,59455736.0,44.6913,157439
2025-10-09 04:00:00,46.27,46.35,42.8149,44.71,110701732.0,44.6697,378482
2025-10-10 04:00:00,45.48,45.995,44.88,45.43,67016996.0,45.3621,231844
2025-10-13 04:00:00,46.94,47.44,46.58,47.26,57830361.0,46.9964,224828
2025-10-14 04:00:00,45.99,47.26,45.77,46.8,57821452.0,46.8254,221642
2025-10-15 04:00:00,47.75,48.405,47.42,48.33,41672865.0,47.9258,198163
2025-10-16 04:00:00,48.1,49.25,48.0,49.17,48852997.0,48.7957,243468
2025-10-17 04:00:00,48.46,48.59,45.88,46.99,86492640.0,47.1534,365854
2025-10-20 04:00:00,47.76,47.83,47.06,47.72,35933500.0,47.4166,158419
2025-10-21 04:00:00,45.19,45.38,43.3101,43.79,81395272.0,44.1308,378247
2025-10-22 04:00:00,43.74,44.13,43.28,43.88,43269984.0,43.7199,198462
2025-10-23 04:00:00,44.72,44.865,44.17,44.18,24565616.0,44.5442,117953
2025-10-24 04:00:00,44.08,44.39,43.84,43.99,24014018.0,44.0601,95896
2025-10-27 04:00:00,42.97,43.06,41.7,42.4,42914130.0,42.355,200786
2025-10-28 04:00:00,42.36,42.9099,42.23,42.7,27782021.0,42.6401,97231
2025-10-29 04:00:00,43.84,43.935,42.83,43.23,27351682.0,43.502,109298
2025-10-30 04:00:00,43.68,44.435,43.54,44.34,30333235.0,44.2011,94126
2025-10-31 04:00:00,44.48,44.52,43.89,44.01,21310920.0,44.245,80954
2025-11-03 05:00:00,44.254,44.358,43.56,43.76,17946703.0,43.9188,74094
2025-11-04 05:00:00,43.04,43.435,42.51,42.74,26679118.0,42.9534,94489
2025-11-05 05:00:00,43.49,43.79,43.35,43.65,16178517.0,43.6227,55194
2025-11-06 05:00:00,43.66,43.9,43.235,43.55,15957872.0,43.627,61520
2025-11-07 05:00:00,44.02,44.23,43.51,43.92,16493113.0,43.8372,66885
2025-11-10 05:00:00,45.17,45.87,45.005,45.79,20763791.0,45.5129,88315
2025-11-11 05:00:00,46.28,46.48,45.6,46.45,19693674.0,46.1307,77324
2025-11-12 05:00:00,47.1,48.6999,46.89,48.32,51559721.0,48.1341,183676
2025-11-13 05:00:00,48.29,48.4151,47.21,47.42,39328401.0,47.8849,136132
2025-11-14 05:00:00,45.77,46.705,45.4,45.96,31793455.0,46.2483,119518
2025-11-17 05:00:00,45.81,46.26,44.945,45.47,23581992.0,45.7184,92746
2025-11-18 05:00:00,45.87,46.44,45.59,46.1,20909398.0,45.9962,73998
2025-11-19 05:00:00,46.8,47.5,45.69,46.45,30797069.0,46.5732,116997
2025-11-20 05:00:00,46.26,46.635,45.535,45.78,28460425.0,46.0109,104396
2025-11-21 05:00:00,44.9,45.95,44.76,45.3,26351872.0,45.2674,87827
2025-11-24 05:00:00,45.41,46.635,45.355,46.63,21486797.0,46.0503,78219
2025-11-25 05:00:00,46.55,46.77,45.97,46.67,24006639.0,46.3911,83167
2025-11-26 05:00:00,47.31,48.45,47.145,48.4,26280261.0,47.9449,97378
2025-11-28 05:00:00,49.67,51.27,49.58,51.21,41350005.0,50.2284,168074
2025-12-01 05:00:00,51.99,53.36,51.61,52.52,66064098.0,52.4888,243290
2025-12-02 05:00:00,52.83,53.2,51.765,53.13,43952652.0,52.5508,171218
2025-12-03 05:00:00,52.99,53.389,52.42,53.07,33817721.0,53.0031,137352
2025-12-04 05:00:00,52.28,52.36,51.135,51.76,48740293.0,51.6672,183716
2025-12-05 05:00:00,52.71,53.82,52.53,52.95,43566006.0,53.0638,184902
2025-12-08 05:00:00,52.89,52.965,52.26,52.71,19711177.0,52.6413,103107
2025-12-09 05:00:00,53.39,55.185,53.36,55.17,59738851.0,54.4976,248011
2025-12-10 05:00:00,55.13,56.215,54.48,56.07,54915013.0,55.2429,250714
2025-12-11 05:00:00,56.77,58.295,56.465,57.62,67910898.0,57.3923,304484
2025-12-12 05:00:00,58.53,58.56,55.13,56.1,78667365.0,56.5985,407769
2025-12-15 05:00:00,57.84,58.2,57.02,58.11,43227804.0,57.712,232824
2025-12-16 05:00:00,57.61,57.99,57.1001,57.73,32461256.0,57.6308,177856
2025-12-17 05:00:00,59.27,60.64,59.045,60.26,65127976.0,60.002,337915
2025-12-18 05:00:00,59.82,60.025,58.58,59.32,47603353.0,59.3422,267994
2025-12-19 05:00:00,59.79,61.16,59.69,60.93,42610049.0,60.6385,227311
2025-12-22 05:00:00,62.6,62.82,61.74,62.47,50621723.0,62.3001,282970
2025-12-23 05:00:00,63.68,64.875,62.37,64.84,75680003.0,63.7905,414427
2025-12-24 05:00:00,65.08,65.525,63.605,65.22,58825951.0,64.6972,297409
2025-12-26 05:00:00,67.83,71.225,67.345,71.12,139161231.0,69.2613,701584
2025-12-29 05:00:00,65.657,66.485,63.92,66.01,153207910.0,65.6274,865318
2025-12-30 05:00:00,69.105,70.76,68.0307,68.98,117759249.0,69.25,555757
2025-12-31 05:00:00,65.54,66.88,63.53,64.42,114745335.0,65.12,658699
2026-01-02 05:00:00,67.3,67.36,64.745,65.75,75553309.0,66.0056,470711
2026-01-05 05:00:00,69.45,70.6,68.52,69.08,103313332.0,69.3616,535803
2026-01-06 05:00:00,71.43,73.84,71.35,73.71,105539107.0,72.7859,620921
2026-01-07 05:00:00,69.82,71.545,69.22,70.96,93679522.0,70.5756,562745
2026-01-08 05:00:00,67.24,69.77,66.92,69.71,77918290.0,68.4992,474467
2026-01-09 05:00:00,71.31,72.99,70.8713,72.38,90650134.0,72.1034,516518
2026-01-12 05:00:00,76.11,78.18,76.0,77.23,105429635.0,77.232,580012
2026-01-13 05:00:00,80.03,80.8,77.86,78.6,140656895.0,79.5156,812859
2026-01-14 05:00:00,83.34,84.78,81.28,84.56,177419386.0,83.0777,982314
2026-01-15 05:00:00,80.74,84.33,80.54,83.32,160702110.0,82.425,862750
2026-01-16 05:00:00,80.33,81.52,78.745,81.02,132767200.0,80.5263,772124
2026-01-20 05:00:00,86.19,86.33,84.3805,85.39,101272337.0,85.5967,677638
2026-01-21 05:00:00,85.6,85.895,81.89,83.96,141683940.0,84.1502,900046
2026-01-22 05:00:00,84.79,87.52,84.71,87.13,86965023.0,86.3915,536927
2026-01-23 05:00:00,90.19,92.9799,89.665,92.91,143739120.0,91.2604,796827
2026-01-26 05:00:00,99.37,106.7,96.51,98.34,393030303.0,100.9146,2544079
2026-01-27 05:00:00,97.98,101.74,95.07,101.59,215489730.0,98.5671,1530090
2026-01-28 05:00:00,102.78,106.45,100.0,105.6,184566001.0,103.325,1498936
2026-01-29 05:00:00,109.53,109.83,96.74,105.57,246322719.0,103.4346,2113724
2026-01-30 05:00:00,89.33,92.14,69.12,75.44,510753638.0,80.347,3776758
